file_name,release,persona,shot_type,row_index,llm,rouge1_f1,rouge2_f1,rougeL_f1,bert_precision,bert_recall,bert_f1
after_llm_release_comments_generated_responses_persona_1_few_shot.csv,after_llm,1,few_shot,0,Gpt4,0.20253164556962025,0.05194805194805195,0.17721518987341772,0.6314090490341187,0.728816568851471,0.6766250729560852
after_llm_release_comments_generated_responses_persona_1_few_shot.csv,after_llm,1,few_shot,0,Gemini,0.16176470588235295,0.05970149253731343,0.1323529411764706,0.6381621360778809,0.782021701335907,0.7028056383132935
after_llm_release_comments_generated_responses_persona_1_few_shot.csv,after_llm,1,few_shot,0,Llama3,0.2162162162162162,0.027777777777777776,0.16216216216216217,0.6562345027923584,0.7364941835403442,0.6940517425537109
after_llm_release_comments_generated_responses_persona_1_few_shot.csv,after_llm,1,few_shot,1,Gpt4,0.14035087719298245,0.0,0.10526315789473682,0.5952196717262268,0.6857268214225769,0.6372758150100708
after_llm_release_comments_generated_responses_persona_1_few_shot.csv,after_llm,1,few_shot,1,Gemini,0.14457831325301204,0.0,0.0963855421686747,0.605994462966919,0.7276710867881775,0.6612821817398071
after_llm_release_comments_generated_responses_persona_1_few_shot.csv,after_llm,1,few_shot,1,Llama3,0.1090909090909091,0.0,0.1090909090909091,0.6016674637794495,0.6900842189788818,0.6428499221801758
after_llm_release_comments_generated_responses_persona_1_few_shot.csv,after_llm,1,few_shot,2,Gpt4,0.17948717948717946,0.0,0.10256410256410257,0.6376701593399048,0.6647361516952515,0.6509218811988831
after_llm_release_comments_generated_responses_persona_1_few_shot.csv,after_llm,1,few_shot,2,Gemini,0.2736842105263158,0.043010752688172046,0.1473684210526316,0.6545960307121277,0.7206586599349976,0.6860406994819641
after_llm_release_comments_generated_responses_persona_1_few_shot.csv,after_llm,1,few_shot,2,Llama3,0.17948717948717946,0.0,0.15384615384615388,0.6562804579734802,0.6939516067504883,0.6745904684066772
after_llm_release_comments_generated_responses_persona_1_few_shot.csv,after_llm,1,few_shot,3,Gpt4,0.34328358208955223,0.07575757575757576,0.19402985074626866,0.7150892019271851,0.7191433906555176,0.7171105146408081
after_llm_release_comments_generated_responses_persona_1_few_shot.csv,after_llm,1,few_shot,3,Gemini,0.3373493975903614,0.06097560975609757,0.1807228915662651,0.6756131649017334,0.7014089822769165,0.6882694959640503
after_llm_release_comments_generated_responses_persona_1_few_shot.csv,after_llm,1,few_shot,3,Llama3,0.3025210084033614,0.10256410256410257,0.25210084033613445,0.6927418112754822,0.6707404851913452,0.681563675403595
after_llm_release_comments_generated_responses_persona_1_few_shot.csv,after_llm,1,few_shot,4,Gpt4,0.15126050420168066,0.0,0.08403361344537814,0.6599371433258057,0.6397877931594849,0.6497063040733337
after_llm_release_comments_generated_responses_persona_1_few_shot.csv,after_llm,1,few_shot,4,Gemini,0.225,0.0,0.125,0.6404010057449341,0.6594548225402832,0.6497882604598999
after_llm_release_comments_generated_responses_persona_1_few_shot.csv,after_llm,1,few_shot,4,Llama3,0.18181818181818182,0.0,0.1090909090909091,0.6742559671401978,0.6418638229370117,0.6576612591743469
after_llm_release_comments_generated_responses_persona_1_few_shot.csv,after_llm,1,few_shot,5,Gpt4,0.32183908045977005,0.09411764705882353,0.1839080459770115,0.678074836730957,0.7644008994102478,0.7186547517776489
after_llm_release_comments_generated_responses_persona_1_few_shot.csv,after_llm,1,few_shot,5,Gemini,0.049019607843137254,0.013114754098360657,0.0392156862745098,0.5779781937599182,0.7423515915870667,0.6499330997467041
after_llm_release_comments_generated_responses_persona_1_few_shot.csv,after_llm,1,few_shot,5,Llama3,0.21212121212121215,0.0,0.12121212121212122,0.6534520387649536,0.7215123176574707,0.6857976913452148
after_llm_release_comments_generated_responses_persona_1_few_shot.csv,after_llm,1,few_shot,6,Gpt4,0.0,0.0,0.0,0.6012832522392273,0.6860753893852234,0.6408869028091431
after_llm_release_comments_generated_responses_persona_1_few_shot.csv,after_llm,1,few_shot,6,Gemini,0.07228915662650602,0.0,0.04819277108433735,0.5629196166992188,0.6590728759765625,0.6072133183479309
after_llm_release_comments_generated_responses_persona_1_few_shot.csv,after_llm,1,few_shot,6,Llama3,0.04651162790697674,0.0,0.04651162790697674,0.602770209312439,0.6601335406303406,0.6301491260528564
after_llm_release_comments_generated_responses_persona_1_few_shot.csv,after_llm,1,few_shot,7,Gpt4,0.19354838709677416,0.0,0.12903225806451613,0.6290912628173828,0.7253915071487427,0.673818051815033
after_llm_release_comments_generated_responses_persona_1_few_shot.csv,after_llm,1,few_shot,7,Gemini,0.11764705882352941,0.0,0.09411764705882353,0.6318738460540771,0.7458492517471313,0.6841471195220947
after_llm_release_comments_generated_responses_persona_1_few_shot.csv,after_llm,1,few_shot,7,Llama3,0.17543859649122806,0.0,0.14035087719298245,0.5949270725250244,0.6889175176620483,0.6384817957878113
after_llm_release_comments_generated_responses_persona_1_few_shot.csv,after_llm,1,few_shot,8,Gpt4,0.23376623376623376,0.02666666666666667,0.18181818181818182,0.656197190284729,0.686697781085968,0.6711010932922363
after_llm_release_comments_generated_responses_persona_1_few_shot.csv,after_llm,1,few_shot,8,Gemini,0.2325581395348837,0.0,0.13953488372093023,0.6497334241867065,0.7111278772354126,0.6790457963943481
after_llm_release_comments_generated_responses_persona_1_few_shot.csv,after_llm,1,few_shot,8,Llama3,0.18181818181818185,0.03773584905660378,0.18181818181818185,0.6994364261627197,0.6984561085700989,0.6989459991455078
after_llm_release_comments_generated_responses_persona_1_few_shot.csv,after_llm,1,few_shot,9,Gpt4,0.03703703703703704,0.0,0.03703703703703704,0.6017206907272339,0.6595603823661804,0.6293143630027771
after_llm_release_comments_generated_responses_persona_1_few_shot.csv,after_llm,1,few_shot,9,Gemini,0.024999999999999998,0.0,0.024999999999999998,0.5849282741546631,0.664542555809021,0.6221989393234253
after_llm_release_comments_generated_responses_persona_1_few_shot.csv,after_llm,1,few_shot,9,Llama3,0.0,0.0,0.0,0.6059566736221313,0.6598167419433594,0.6317408084869385
after_llm_release_comments_generated_responses_persona_1_few_shot.csv,after_llm,1,few_shot,10,Gpt4,0.0,0.0,0.0,0.5924361348152161,0.6693888902664185,0.6285660266876221
after_llm_release_comments_generated_responses_persona_1_few_shot.csv,after_llm,1,few_shot,10,Gemini,0.025974025974025972,0.0,0.025974025974025972,0.584373950958252,0.6650996804237366,0.6221290826797485
after_llm_release_comments_generated_responses_persona_1_few_shot.csv,after_llm,1,few_shot,10,Llama3,0.0,0.0,0.0,0.6044377684593201,0.657447338104248,0.6298291087150574
after_llm_release_comments_generated_responses_persona_1_few_shot.csv,after_llm,1,few_shot,11,Gpt4,0.35398230088495575,0.09009009009009009,0.21238938053097345,0.724646806716919,0.69673752784729,0.7104182243347168
after_llm_release_comments_generated_responses_persona_1_few_shot.csv,after_llm,1,few_shot,11,Gemini,0.2978723404255319,0.07194244604316546,0.19858156028368795,0.6954694986343384,0.6979647278785706,0.6967148780822754
after_llm_release_comments_generated_responses_persona_1_few_shot.csv,after_llm,1,few_shot,11,Llama3,0.3076923076923077,0.11764705882352942,0.25000000000000006,0.6893447041511536,0.659534215927124,0.6741100549697876
after_llm_release_comments_generated_responses_persona_1_few_shot.csv,after_llm,1,few_shot,12,Gpt4,0.2921348314606742,0.06896551724137932,0.15730337078651685,0.6755613088607788,0.7054003477096558,0.690158486366272
after_llm_release_comments_generated_responses_persona_1_few_shot.csv,after_llm,1,few_shot,12,Gemini,0.27272727272727276,0.07407407407407407,0.1818181818181818,0.6882425546646118,0.7211008071899414,0.70428866147995
after_llm_release_comments_generated_responses_persona_1_few_shot.csv,after_llm,1,few_shot,12,Llama3,0.3243243243243243,0.13888888888888887,0.24324324324324323,0.6722165942192078,0.6859956979751587,0.6790362596511841
after_llm_release_comments_generated_responses_persona_1_few_shot.csv,after_llm,1,few_shot,13,Gpt4,0.02666666666666667,0.0,0.02666666666666667,0.5571746230125427,0.6479820013046265,0.5991572141647339
after_llm_release_comments_generated_responses_persona_1_few_shot.csv,after_llm,1,few_shot,13,Gemini,0.013422818791946307,0.0,0.013422818791946307,0.5506020784378052,0.6659015417098999,0.6027877926826477
after_llm_release_comments_generated_responses_persona_1_few_shot.csv,after_llm,1,few_shot,13,Llama3,0.0,0.0,0.0,0.6202905774116516,0.6677787899971008,0.6431593298912048
after_llm_release_comments_generated_responses_persona_1_few_shot.csv,after_llm,1,few_shot,14,Gpt4,0.24285714285714288,0.0,0.12857142857142856,0.6549691557884216,0.6339218020439148,0.6442736387252808
after_llm_release_comments_generated_responses_persona_1_few_shot.csv,after_llm,1,few_shot,14,Gemini,0.2222222222222222,0.03749999999999999,0.13580246913580246,0.6666296720504761,0.6377967596054077,0.6518945693969727
after_llm_release_comments_generated_responses_persona_1_few_shot.csv,after_llm,1,few_shot,14,Llama3,0.1732283464566929,0.0,0.09448818897637797,0.6569322347640991,0.6094667315483093,0.6323099732398987
after_llm_release_comments_generated_responses_persona_1_few_shot.csv,after_llm,1,few_shot,15,Gpt4,0.3658536585365853,0.05,0.2195121951219512,0.6818265318870544,0.7039159536361694,0.6926952004432678
after_llm_release_comments_generated_responses_persona_1_few_shot.csv,after_llm,1,few_shot,15,Gemini,0.24,0.061224489795918366,0.18000000000000002,0.6621204614639282,0.7136021256446838,0.6868979930877686
after_llm_release_comments_generated_responses_persona_1_few_shot.csv,after_llm,1,few_shot,15,Llama3,0.19047619047619047,0.0,0.126984126984127,0.6509683132171631,0.6504335999488831,0.6507008671760559
after_llm_release_comments_generated_responses_persona_1_few_shot.csv,after_llm,1,few_shot,16,Gpt4,0.2823529411764706,0.04819277108433735,0.16470588235294117,0.6916358470916748,0.71206134557724,0.70169997215271
after_llm_release_comments_generated_responses_persona_1_few_shot.csv,after_llm,1,few_shot,16,Gemini,0.2280701754385965,0.017857142857142856,0.14035087719298245,0.6736834049224854,0.7025309801101685,0.6878048777580261
after_llm_release_comments_generated_responses_persona_1_few_shot.csv,after_llm,1,few_shot,16,Llama3,0.10526315789473685,0.0,0.07894736842105263,0.6385244727134705,0.6446763277053833,0.641585648059845
after_llm_release_comments_generated_responses_persona_1_few_shot.csv,after_llm,1,few_shot,17,Gpt4,0.32941176470588235,0.04819277108433735,0.2588235294117647,0.6777175068855286,0.7106224298477173,0.6937800049781799
after_llm_release_comments_generated_responses_persona_1_few_shot.csv,after_llm,1,few_shot,17,Gemini,0.32,0.1020408163265306,0.25999999999999995,0.679828405380249,0.7201732993125916,0.6994194984436035
after_llm_release_comments_generated_responses_persona_1_few_shot.csv,after_llm,1,few_shot,17,Llama3,0.10169491525423728,0.0,0.06779661016949153,0.6734450459480286,0.6390042304992676,0.6557728052139282
after_llm_release_comments_generated_responses_persona_1_zero_shot.csv,after_llm,1,zero_shot,0,Gpt4,0.19178082191780824,0.05633802816901408,0.1643835616438356,0.6465950012207031,0.7166376709938049,0.6798170208930969
after_llm_release_comments_generated_responses_persona_1_zero_shot.csv,after_llm,1,zero_shot,0,Gemini,0.2127659574468085,0.043478260869565216,0.17021276595744683,0.6632716655731201,0.7507216930389404,0.7042924761772156
after_llm_release_comments_generated_responses_persona_1_zero_shot.csv,after_llm,1,zero_shot,0,Llama3,0.2909090909090909,0.07547169811320754,0.18181818181818182,0.6504764556884766,0.6914666891098022,0.6703455448150635
after_llm_release_comments_generated_responses_persona_1_zero_shot.csv,after_llm,1,zero_shot,1,Gpt4,0.14814814814814817,0.0,0.11111111111111109,0.6047245264053345,0.7477371692657471,0.668669581413269
after_llm_release_comments_generated_responses_persona_1_zero_shot.csv,after_llm,1,zero_shot,1,Gemini,0.15,0.025641025641025637,0.09999999999999999,0.6162714958190918,0.7165765762329102,0.6626497507095337
after_llm_release_comments_generated_responses_persona_1_zero_shot.csv,after_llm,1,zero_shot,1,Llama3,0.1818181818181818,0.0,0.0909090909090909,0.6346380114555359,0.7008894681930542,0.6661205291748047
after_llm_release_comments_generated_responses_persona_1_zero_shot.csv,after_llm,1,zero_shot,2,Gpt4,0.2571428571428571,0.029411764705882356,0.19999999999999998,0.67271888256073,0.7139528393745422,0.692722737789154
after_llm_release_comments_generated_responses_persona_1_zero_shot.csv,after_llm,1,zero_shot,2,Gemini,0.24742268041237112,0.0631578947368421,0.18556701030927833,0.6484712362289429,0.6987112760543823,0.6726544499397278
after_llm_release_comments_generated_responses_persona_1_zero_shot.csv,after_llm,1,zero_shot,2,Llama3,0.2456140350877193,0.1090909090909091,0.21052631578947367,0.6956030130386353,0.7147724628448486,0.7050574421882629
after_llm_release_comments_generated_responses_persona_1_zero_shot.csv,after_llm,1,zero_shot,3,Gpt4,0.37398373983739835,0.09917355371900828,0.26016260162601623,0.7471803426742554,0.7235878109931946,0.7351948618888855
after_llm_release_comments_generated_responses_persona_1_zero_shot.csv,after_llm,1,zero_shot,3,Gemini,0.27814569536423844,0.06711409395973154,0.15894039735099336,0.6745010018348694,0.6848053336143494,0.6796140670776367
after_llm_release_comments_generated_responses_persona_1_zero_shot.csv,after_llm,1,zero_shot,3,Llama3,0.3269230769230769,0.1372549019607843,0.1346153846153846,0.7205684185028076,0.688319206237793,0.7040746808052063
after_llm_release_comments_generated_responses_persona_1_zero_shot.csv,after_llm,1,zero_shot,4,Gpt4,0.14414414414414414,0.0,0.10810810810810811,0.6543848514556885,0.6286056041717529,0.6412362456321716
after_llm_release_comments_generated_responses_persona_1_zero_shot.csv,after_llm,1,zero_shot,4,Gemini,0.21052631578947367,0.0,0.10526315789473684,0.6644699573516846,0.6532825231552124,0.6588287949562073
after_llm_release_comments_generated_responses_persona_1_zero_shot.csv,after_llm,1,zero_shot,4,Llama3,0.13592233009708737,0.0,0.11650485436893204,0.6852086782455444,0.6530638933181763,0.6687502264976501
after_llm_release_comments_generated_responses_persona_1_zero_shot.csv,after_llm,1,zero_shot,5,Gpt4,0.21333333333333335,0.0547945205479452,0.16,0.6709889769554138,0.717440128326416,0.6934374570846558
after_llm_release_comments_generated_responses_persona_1_zero_shot.csv,after_llm,1,zero_shot,5,Gemini,0.17021276595744683,0.043478260869565216,0.14893617021276595,0.6618766784667969,0.731356680393219,0.6948842406272888
after_llm_release_comments_generated_responses_persona_1_zero_shot.csv,after_llm,1,zero_shot,5,Llama3,0.2909090909090909,0.07547169811320754,0.18181818181818182,0.6504764556884766,0.6914666891098022,0.6703455448150635
after_llm_release_comments_generated_responses_persona_1_zero_shot.csv,after_llm,1,zero_shot,6,Gpt4,0.0816326530612245,0.0,0.04081632653061225,0.5964311361312866,0.6755871772766113,0.6335462927818298
after_llm_release_comments_generated_responses_persona_1_zero_shot.csv,after_llm,1,zero_shot,6,Gemini,0.09375,0.032258064516129024,0.09375,0.6088941097259521,0.7046299576759338,0.6532732248306274
after_llm_release_comments_generated_responses_persona_1_zero_shot.csv,after_llm,1,zero_shot,6,Llama3,0.0,0.0,0.0,0.6242225170135498,0.6949551105499268,0.6576924920082092
after_llm_release_comments_generated_responses_persona_1_zero_shot.csv,after_llm,1,zero_shot,7,Gpt4,0.1818181818181818,0.0,0.14545454545454545,0.6509880423545837,0.7868855595588684,0.7125148177146912
after_llm_release_comments_generated_responses_persona_1_zero_shot.csv,after_llm,1,zero_shot,7,Gemini,0.1518987341772152,0.0,0.10126582278481013,0.6205735802650452,0.7434437274932861,0.6764746308326721
after_llm_release_comments_generated_responses_persona_1_zero_shot.csv,after_llm,1,zero_shot,7,Llama3,0.1818181818181818,0.0,0.0909090909090909,0.6346380114555359,0.7008894681930542,0.6661205291748047
after_llm_release_comments_generated_responses_persona_1_zero_shot.csv,after_llm,1,zero_shot,8,Gpt4,0.26865671641791045,0.061538461538461535,0.20895522388059704,0.6994031071662903,0.75374436378479,0.7255576848983765
after_llm_release_comments_generated_responses_persona_1_zero_shot.csv,after_llm,1,zero_shot,8,Gemini,0.20512820512820515,0.02631578947368421,0.07692307692307694,0.6351819038391113,0.6827812194824219,0.6581220030784607
after_llm_release_comments_generated_responses_persona_1_zero_shot.csv,after_llm,1,zero_shot,8,Llama3,0.2456140350877193,0.1090909090909091,0.21052631578947367,0.6956030130386353,0.7147724628448486,0.7050574421882629
after_llm_release_comments_generated_responses_persona_1_zero_shot.csv,after_llm,1,zero_shot,9,Gpt4,0.0,0.0,0.0,0.6130105257034302,0.6793648600578308,0.644484281539917
after_llm_release_comments_generated_responses_persona_1_zero_shot.csv,after_llm,1,zero_shot,9,Gemini,0.03225806451612903,0.0,0.03225806451612903,0.5948375463485718,0.6588528752326965,0.6252108216285706
after_llm_release_comments_generated_responses_persona_1_zero_shot.csv,after_llm,1,zero_shot,9,Llama3,0.0851063829787234,0.0,0.0425531914893617,0.6100525259971619,0.7022421360015869,0.6529091000556946
after_llm_release_comments_generated_responses_persona_1_zero_shot.csv,after_llm,1,zero_shot,10,Gpt4,0.0,0.0,0.0,0.5938408970832825,0.6531304121017456,0.622076153755188
after_llm_release_comments_generated_responses_persona_1_zero_shot.csv,after_llm,1,zero_shot,10,Gemini,0.10344827586206896,0.03571428571428571,0.06896551724137932,0.5951802730560303,0.6996443271636963,0.6431983113288879
after_llm_release_comments_generated_responses_persona_1_zero_shot.csv,after_llm,1,zero_shot,10,Llama3,0.10526315789473685,0.0,0.052631578947368425,0.5975586771965027,0.6597091555595398,0.6270977854728699
after_llm_release_comments_generated_responses_persona_1_zero_shot.csv,after_llm,1,zero_shot,11,Gpt4,0.3018867924528302,0.11538461538461539,0.1509433962264151,0.7627850770950317,0.7103288769721985,0.7356230020523071
after_llm_release_comments_generated_responses_persona_1_zero_shot.csv,after_llm,1,zero_shot,11,Gemini,0.34710743801652894,0.1008403361344538,0.21487603305785125,0.7228732109069824,0.70904940366745,0.7158945202827454
after_llm_release_comments_generated_responses_persona_1_zero_shot.csv,after_llm,1,zero_shot,11,Llama3,0.3269230769230769,0.1372549019607843,0.1346153846153846,0.7205684185028076,0.688319206237793,0.7040746808052063
after_llm_release_comments_generated_responses_persona_1_zero_shot.csv,after_llm,1,zero_shot,12,Gpt4,0.2619047619047619,0.07317073170731707,0.19047619047619047,0.6882039904594421,0.7242447137832642,0.7057645916938782
after_llm_release_comments_generated_responses_persona_1_zero_shot.csv,after_llm,1,zero_shot,12,Gemini,0.3,0.020408163265306124,0.16,0.670168936252594,0.6930359601974487,0.6814106106758118
after_llm_release_comments_generated_responses_persona_1_zero_shot.csv,after_llm,1,zero_shot,12,Llama3,0.24999999999999994,0.08571428571428572,0.16666666666666669,0.6841709017753601,0.678578794002533,0.6813633441925049
after_llm_release_comments_generated_responses_persona_1_zero_shot.csv,after_llm,1,zero_shot,13,Gpt4,0.028571428571428574,0.0,0.028571428571428574,0.5691846609115601,0.6250896453857422,0.5958287119865417
after_llm_release_comments_generated_responses_persona_1_zero_shot.csv,after_llm,1,zero_shot,13,Gemini,0.02150537634408602,0.0,0.02150537634408602,0.5686279535293579,0.6404428482055664,0.6024026274681091
after_llm_release_comments_generated_responses_persona_1_zero_shot.csv,after_llm,1,zero_shot,13,Llama3,0.05,0.0,0.05,0.619865894317627,0.672413170337677,0.6450712084770203
after_llm_release_comments_generated_responses_persona_1_zero_shot.csv,after_llm,1,zero_shot,14,Gpt4,0.16666666666666666,0.015384615384615384,0.12121212121212123,0.6678967475891113,0.6305704116821289,0.6486970782279968
after_llm_release_comments_generated_responses_persona_1_zero_shot.csv,after_llm,1,zero_shot,14,Gemini,0.2027027027027027,0.0273972602739726,0.1081081081081081,0.6540043950080872,0.6337199211120605,0.6437024474143982
after_llm_release_comments_generated_responses_persona_1_zero_shot.csv,after_llm,1,zero_shot,14,Llama3,0.19047619047619047,0.016129032258064516,0.1111111111111111,0.690314769744873,0.6361923813819885,0.6621494889259338
after_llm_release_comments_generated_responses_persona_1_zero_shot.csv,after_llm,1,zero_shot,15,Gpt4,0.3544303797468355,0.05194805194805195,0.27848101265822783,0.7368649840354919,0.7368905544281006,0.7368777394294739
after_llm_release_comments_generated_responses_persona_1_zero_shot.csv,after_llm,1,zero_shot,15,Gemini,0.4222222222222222,0.15909090909090912,0.3111111111111111,0.6946398615837097,0.7106384634971619,0.702548086643219
after_llm_release_comments_generated_responses_persona_1_zero_shot.csv,after_llm,1,zero_shot,15,Llama3,0.27397260273972607,0.08450704225352113,0.21917808219178084,0.7067009210586548,0.7243479490280151,0.7154156565666199
after_llm_release_comments_generated_responses_persona_1_zero_shot.csv,after_llm,1,zero_shot,16,Gpt4,0.18918918918918917,0.027777777777777776,0.16216216216216214,0.6711469292640686,0.6854646801948547,0.6782302260398865
after_llm_release_comments_generated_responses_persona_1_zero_shot.csv,after_llm,1,zero_shot,16,Gemini,0.3157894736842105,0.06451612903225808,0.1263157894736842,0.6816200017929077,0.6978336572647095,0.6896315217018127
after_llm_release_comments_generated_responses_persona_1_zero_shot.csv,after_llm,1,zero_shot,16,Llama3,0.4117647058823529,0.12121212121212123,0.23529411764705882,0.7285571098327637,0.7044227123260498,0.7162867188453674
after_llm_release_comments_generated_responses_persona_1_zero_shot.csv,after_llm,1,zero_shot,17,Gpt4,0.4000000000000001,0.02564102564102564,0.225,0.6892504692077637,0.7105438709259033,0.6997352242469788
after_llm_release_comments_generated_responses_persona_1_zero_shot.csv,after_llm,1,zero_shot,17,Gemini,0.35955056179775274,0.11494252873563217,0.2247191011235955,0.7165911197662354,0.7499001026153564,0.7328673601150513
after_llm_release_comments_generated_responses_persona_1_zero_shot.csv,after_llm,1,zero_shot,17,Llama3,0.2941176470588235,0.09090909090909093,0.23529411764705882,0.6838015913963318,0.7025977969169617,0.6930722594261169
after_llm_release_comments_generated_responses_persona_2_few_shot.csv,after_llm,2,few_shot,0,Gpt4,0.19672131147540983,0.03389830508474577,0.1639344262295082,0.6521483659744263,0.7026247382164001,0.676446259021759
after_llm_release_comments_generated_responses_persona_2_few_shot.csv,after_llm,2,few_shot,0,Gemini,0.205607476635514,0.07619047619047618,0.16822429906542058,0.6515615582466125,0.787004292011261,0.7129068970680237
after_llm_release_comments_generated_responses_persona_2_few_shot.csv,after_llm,2,few_shot,0,Llama3,0.2647058823529412,0.06060606060606061,0.20588235294117646,0.6669800877571106,0.7430199980735779,0.7029496431350708
after_llm_release_comments_generated_responses_persona_2_few_shot.csv,after_llm,2,few_shot,1,Gpt4,0.11538461538461538,0.0,0.07692307692307693,0.6243295669555664,0.6930090188980103,0.6568790078163147
after_llm_release_comments_generated_responses_persona_2_few_shot.csv,after_llm,2,few_shot,1,Gemini,0.14457831325301204,0.0,0.0963855421686747,0.605994462966919,0.7276710867881775,0.6612821817398071
after_llm_release_comments_generated_responses_persona_2_few_shot.csv,after_llm,2,few_shot,1,Llama3,0.13333333333333333,0.0,0.13333333333333333,0.6054635643959045,0.6684165596961975,0.6353845000267029
after_llm_release_comments_generated_responses_persona_2_few_shot.csv,after_llm,2,few_shot,2,Gpt4,0.11594202898550725,0.029850746268656712,0.08695652173913045,0.6595876812934875,0.6970638036727905,0.6778081059455872
after_llm_release_comments_generated_responses_persona_2_few_shot.csv,after_llm,2,few_shot,2,Gemini,0.2736842105263158,0.043010752688172046,0.1473684210526316,0.6545960307121277,0.7206586599349976,0.6860406994819641
after_llm_release_comments_generated_responses_persona_2_few_shot.csv,after_llm,2,few_shot,2,Llama3,0.2580645161290323,0.0,0.12903225806451615,0.6606403589248657,0.6932453513145447,0.6765502691268921
after_llm_release_comments_generated_responses_persona_2_few_shot.csv,after_llm,2,few_shot,3,Gpt4,0.32786885245901637,0.05000000000000001,0.16393442622950818,0.7033224701881409,0.674774169921875,0.6887526512145996
after_llm_release_comments_generated_responses_persona_2_few_shot.csv,after_llm,2,few_shot,3,Gemini,0.3373493975903614,0.06097560975609757,0.1807228915662651,0.6756131649017334,0.7014089822769165,0.6882694959640503
after_llm_release_comments_generated_responses_persona_2_few_shot.csv,after_llm,2,few_shot,3,Llama3,0.3106796116504854,0.07920792079207921,0.1553398058252427,0.7061707377433777,0.6630549430847168,0.6839339733123779
after_llm_release_comments_generated_responses_persona_2_few_shot.csv,after_llm,2,few_shot,4,Gpt4,0.18348623853211007,0.0,0.11009174311926606,0.6550820469856262,0.6327426433563232,0.6437186598777771
after_llm_release_comments_generated_responses_persona_2_few_shot.csv,after_llm,2,few_shot,4,Gemini,0.225,0.0,0.125,0.6404010057449341,0.6594548225402832,0.6497882604598999
after_llm_release_comments_generated_responses_persona_2_few_shot.csv,after_llm,2,few_shot,4,Llama3,0.1851851851851852,0.0,0.0925925925925926,0.6765774488449097,0.6473128795623779,0.6616216897964478
after_llm_release_comments_generated_responses_persona_2_few_shot.csv,after_llm,2,few_shot,5,Gpt4,0.2413793103448276,0.07142857142857142,0.13793103448275865,0.6771619915962219,0.7171399593353271,0.6965779066085815
after_llm_release_comments_generated_responses_persona_2_few_shot.csv,after_llm,2,few_shot,5,Gemini,0.22413793103448276,0.03508771929824561,0.13793103448275862,0.6392077207565308,0.7529095411300659,0.6914153099060059
after_llm_release_comments_generated_responses_persona_2_few_shot.csv,after_llm,2,few_shot,5,Llama3,0.2647058823529412,0.06060606060606061,0.20588235294117646,0.6669800877571106,0.7430199980735779,0.7029496431350708
after_llm_release_comments_generated_responses_persona_2_few_shot.csv,after_llm,2,few_shot,6,Gpt4,0.16,0.04166666666666667,0.16,0.6287489533424377,0.7019194960594177,0.6633225083351135
after_llm_release_comments_generated_responses_persona_2_few_shot.csv,after_llm,2,few_shot,6,Gemini,0.07228915662650602,0.0,0.04819277108433735,0.5629196166992188,0.6590728759765625,0.6072133183479309
after_llm_release_comments_generated_responses_persona_2_few_shot.csv,after_llm,2,few_shot,6,Llama3,0.0851063829787234,0.0,0.0851063829787234,0.6197978854179382,0.7053501605987549,0.659812331199646
after_llm_release_comments_generated_responses_persona_2_few_shot.csv,after_llm,2,few_shot,7,Gpt4,0.08695652173913043,0.0,0.08695652173913043,0.6390827298164368,0.741141676902771,0.6863388419151306
after_llm_release_comments_generated_responses_persona_2_few_shot.csv,after_llm,2,few_shot,7,Gemini,0.11764705882352941,0.0,0.09411764705882353,0.6318738460540771,0.7458492517471313,0.6841471195220947
after_llm_release_comments_generated_responses_persona_2_few_shot.csv,after_llm,2,few_shot,7,Llama3,0.13333333333333333,0.0,0.13333333333333333,0.6054635643959045,0.6684165596961975,0.6353845000267029
after_llm_release_comments_generated_responses_persona_2_few_shot.csv,after_llm,2,few_shot,8,Gpt4,0.15384615384615385,0.0,0.1230769230769231,0.6729450821876526,0.6774812936782837,0.6752055287361145
after_llm_release_comments_generated_responses_persona_2_few_shot.csv,after_llm,2,few_shot,8,Gemini,0.2325581395348837,0.0,0.13953488372093023,0.6497334241867065,0.7111278772354126,0.6790457963943481
after_llm_release_comments_generated_responses_persona_2_few_shot.csv,after_llm,2,few_shot,8,Llama3,0.2580645161290323,0.0,0.12903225806451615,0.6606403589248657,0.6932453513145447,0.6765502691268921
after_llm_release_comments_generated_responses_persona_2_few_shot.csv,after_llm,2,few_shot,9,Gpt4,0.0,0.0,0.0,0.6385488510131836,0.7188162803649902,0.6763092875480652
after_llm_release_comments_generated_responses_persona_2_few_shot.csv,after_llm,2,few_shot,9,Gemini,0.024999999999999998,0.0,0.024999999999999998,0.5849282741546631,0.664542555809021,0.6221989393234253
after_llm_release_comments_generated_responses_persona_2_few_shot.csv,after_llm,2,few_shot,9,Llama3,0.044444444444444446,0.0,0.044444444444444446,0.6175383925437927,0.6784412860870361,0.6465588212013245
after_llm_release_comments_generated_responses_persona_2_few_shot.csv,after_llm,2,few_shot,10,Gpt4,0.08695652173913043,0.045454545454545456,0.08695652173913043,0.6182856559753418,0.6850110292434692,0.6499402523040771
after_llm_release_comments_generated_responses_persona_2_few_shot.csv,after_llm,2,few_shot,10,Gemini,0.025974025974025972,0.0,0.025974025974025972,0.584373950958252,0.6650996804237366,0.6221290826797485
after_llm_release_comments_generated_responses_persona_2_few_shot.csv,after_llm,2,few_shot,10,Llama3,0.15,0.0,0.1,0.6050960421562195,0.6827775239944458,0.6415940523147583
after_llm_release_comments_generated_responses_persona_2_few_shot.csv,after_llm,2,few_shot,11,Gpt4,0.3636363636363637,0.11111111111111112,0.2363636363636364,0.7300960421562195,0.6756705045700073,0.701829731464386
after_llm_release_comments_generated_responses_persona_2_few_shot.csv,after_llm,2,few_shot,11,Gemini,0.2978723404255319,0.07194244604316546,0.19858156028368795,0.6954694986343384,0.6979647278785706,0.6967148780822754
after_llm_release_comments_generated_responses_persona_2_few_shot.csv,after_llm,2,few_shot,11,Llama3,0.3106796116504854,0.07920792079207921,0.1553398058252427,0.7061707377433777,0.6630549430847168,0.6839339733123779
after_llm_release_comments_generated_responses_persona_2_few_shot.csv,after_llm,2,few_shot,12,Gpt4,0.24096385542168672,0.04938271604938271,0.16867469879518074,0.6735244393348694,0.6803159713745117,0.6769031882286072
after_llm_release_comments_generated_responses_persona_2_few_shot.csv,after_llm,2,few_shot,12,Gemini,0.27272727272727276,0.07407407407407407,0.1818181818181818,0.6882425546646118,0.7211008071899414,0.70428866147995
after_llm_release_comments_generated_responses_persona_2_few_shot.csv,after_llm,2,few_shot,12,Llama3,0.13333333333333333,0.0,0.13333333333333333,0.6636806130409241,0.6452274322509766,0.6543239951133728
after_llm_release_comments_generated_responses_persona_2_few_shot.csv,after_llm,2,few_shot,13,Gpt4,0.03773584905660377,0.0,0.03773584905660377,0.600917398929596,0.6742694973945618,0.6354837417602539
after_llm_release_comments_generated_responses_persona_2_few_shot.csv,after_llm,2,few_shot,13,Gemini,0.013422818791946307,0.0,0.013422818791946307,0.5506020784378052,0.6659015417098999,0.6027877926826477
after_llm_release_comments_generated_responses_persona_2_few_shot.csv,after_llm,2,few_shot,13,Llama3,0.14035087719298245,0.0,0.07017543859649122,0.6255859136581421,0.7042509317398071,0.6625917553901672
after_llm_release_comments_generated_responses_persona_2_few_shot.csv,after_llm,2,few_shot,14,Gpt4,0.21538461538461537,0.0,0.13846153846153847,0.6957992315292358,0.6318309307098389,0.6622740030288696
after_llm_release_comments_generated_responses_persona_2_few_shot.csv,after_llm,2,few_shot,14,Gemini,0.2222222222222222,0.03749999999999999,0.13580246913580246,0.6666296720504761,0.6377967596054077,0.6518945693969727
after_llm_release_comments_generated_responses_persona_2_few_shot.csv,after_llm,2,few_shot,14,Llama3,0.22388059701492535,0.04545454545454545,0.11940298507462686,0.7078448534011841,0.6365801692008972,0.6703237891197205
after_llm_release_comments_generated_responses_persona_2_few_shot.csv,after_llm,2,few_shot,15,Gpt4,0.18181818181818182,0.026666666666666665,0.15584415584415584,0.6729806661605835,0.665093719959259,0.6690139174461365
after_llm_release_comments_generated_responses_persona_2_few_shot.csv,after_llm,2,few_shot,15,Gemini,0.24,0.061224489795918366,0.18000000000000002,0.6621204614639282,0.7136021256446838,0.6868979930877686
after_llm_release_comments_generated_responses_persona_2_few_shot.csv,after_llm,2,few_shot,15,Llama3,0.25974025974025977,0.05333333333333333,0.15584415584415584,0.7003973126411438,0.7157328128814697,0.707982063293457
after_llm_release_comments_generated_responses_persona_2_few_shot.csv,after_llm,2,few_shot,16,Gpt4,0.28571428571428575,0.05333333333333333,0.18181818181818182,0.699553370475769,0.6877300143241882,0.693591296672821
after_llm_release_comments_generated_responses_persona_2_few_shot.csv,after_llm,2,few_shot,16,Gemini,0.2280701754385965,0.017857142857142856,0.14035087719298245,0.6736834049224854,0.7025309801101685,0.6878048777580261
after_llm_release_comments_generated_responses_persona_2_few_shot.csv,after_llm,2,few_shot,16,Llama3,0.36842105263157887,0.1081081081081081,0.2894736842105263,0.7167190313339233,0.7298609018325806,0.7232303023338318
after_llm_release_comments_generated_responses_persona_2_few_shot.csv,after_llm,2,few_shot,17,Gpt4,0.24390243902439024,0.025,0.14634146341463414,0.6700560450553894,0.6693035960197449,0.669679582118988
after_llm_release_comments_generated_responses_persona_2_few_shot.csv,after_llm,2,few_shot,17,Gemini,0.32,0.1020408163265306,0.25999999999999995,0.6772851943969727,0.7192517518997192,0.6976379156112671
after_llm_release_comments_generated_responses_persona_2_few_shot.csv,after_llm,2,few_shot,17,Llama3,0.2318840579710145,0.05970149253731343,0.17391304347826086,0.70318603515625,0.6720783114433289,0.6872802972793579
after_llm_release_comments_generated_responses_persona_2_zero_shot.csv,after_llm,2,zero_shot,0,Gpt4,0.20588235294117646,0.030303030303030304,0.1176470588235294,0.6446088552474976,0.6921631693840027,0.6675401926040649
after_llm_release_comments_generated_responses_persona_2_zero_shot.csv,after_llm,2,zero_shot,0,Gemini,0.20895522388059704,0.030769230769230767,0.11940298507462688,0.6541867256164551,0.7073564529418945,0.679733395576477
after_llm_release_comments_generated_responses_persona_2_zero_shot.csv,after_llm,2,zero_shot,0,Llama3,0.2222222222222222,0.046511627906976744,0.2222222222222222,0.6784413456916809,0.7070250511169434,0.6924383640289307
after_llm_release_comments_generated_responses_persona_2_zero_shot.csv,after_llm,2,zero_shot,1,Gpt4,0.03636363636363636,0.0,0.03636363636363636,0.621552586555481,0.717168927192688,0.6659461259841919
after_llm_release_comments_generated_responses_persona_2_zero_shot.csv,after_llm,2,zero_shot,1,Gemini,0.10810810810810813,0.0,0.08108108108108107,0.5888073444366455,0.6725906729698181,0.6279164552688599
after_llm_release_comments_generated_responses_persona_2_zero_shot.csv,after_llm,2,zero_shot,1,Llama3,0.052631578947368425,0.0,0.052631578947368425,0.6287093162536621,0.6782091856002808,0.6525218486785889
after_llm_release_comments_generated_responses_persona_2_zero_shot.csv,after_llm,2,zero_shot,2,Gpt4,0.2816901408450704,0.11594202898550725,0.22535211267605634,0.6905616521835327,0.7280919551849365,0.7088303565979004
after_llm_release_comments_generated_responses_persona_2_zero_shot.csv,after_llm,2,zero_shot,2,Gemini,0.14634146341463414,0.024999999999999998,0.07317073170731707,0.6377597451210022,0.6812842488288879,0.6588038802146912
after_llm_release_comments_generated_responses_persona_2_zero_shot.csv,after_llm,2,zero_shot,2,Llama3,0.24489795918367346,0.0,0.16326530612244897,0.6854504942893982,0.6977613568305969,0.691551148891449
after_llm_release_comments_generated_responses_persona_2_zero_shot.csv,after_llm,2,zero_shot,3,Gpt4,0.23333333333333336,0.03389830508474576,0.15,0.7271161079406738,0.6945394277572632,0.710454523563385
after_llm_release_comments_generated_responses_persona_2_zero_shot.csv,after_llm,2,zero_shot,3,Gemini,0.2097902097902098,0.014184397163120567,0.12587412587412586,0.6657381057739258,0.660547137260437,0.6631324291229248
after_llm_release_comments_generated_responses_persona_2_zero_shot.csv,after_llm,2,zero_shot,3,Llama3,0.32967032967032966,0.1348314606741573,0.21978021978021978,0.7455798983573914,0.6662975549697876,0.7037127614021301
after_llm_release_comments_generated_responses_persona_2_zero_shot.csv,after_llm,2,zero_shot,4,Gpt4,0.12612612612612611,0.0,0.07207207207207207,0.6710212826728821,0.6353856921195984,0.6527174711227417
after_llm_release_comments_generated_responses_persona_2_zero_shot.csv,after_llm,2,zero_shot,4,Gemini,0.20312500000000003,0.0,0.09375,0.6724275946617126,0.6480976343154907,0.6600385308265686
after_llm_release_comments_generated_responses_persona_2_zero_shot.csv,after_llm,2,zero_shot,4,Llama3,0.18181818181818182,0.04123711340206186,0.1616161616161616,0.7037426233291626,0.6404559016227722,0.6706094741821289
after_llm_release_comments_generated_responses_persona_2_zero_shot.csv,after_llm,2,zero_shot,5,Gpt4,0.19718309859154928,0.02898550724637681,0.11267605633802817,0.6761282682418823,0.7373989224433899,0.7054356336593628
after_llm_release_comments_generated_responses_persona_2_zero_shot.csv,after_llm,2,zero_shot,5,Gemini,0.2222222222222222,0.04545454545454545,0.15555555555555553,0.6684398055076599,0.7396178841590881,0.7022297978401184
after_llm_release_comments_generated_responses_persona_2_zero_shot.csv,after_llm,2,zero_shot,5,Llama3,0.2222222222222222,0.046511627906976744,0.2222222222222222,0.6784413456916809,0.7070250511169434,0.6924383640289307
after_llm_release_comments_generated_responses_persona_2_zero_shot.csv,after_llm,2,zero_shot,6,Gpt4,0.038461538461538464,0.0,0.038461538461538464,0.6166484355926514,0.688847541809082,0.650751531124115
after_llm_release_comments_generated_responses_persona_2_zero_shot.csv,after_llm,2,zero_shot,6,Gemini,0.05970149253731343,0.0,0.05970149253731343,0.6066313982009888,0.7019221186637878,0.6508071422576904
after_llm_release_comments_generated_responses_persona_2_zero_shot.csv,after_llm,2,zero_shot,6,Llama3,0.05714285714285714,0.0,0.05714285714285714,0.6466489434242249,0.6830924153327942,0.6643713116645813
after_llm_release_comments_generated_responses_persona_2_zero_shot.csv,after_llm,2,zero_shot,7,Gpt4,0.12244897959183672,0.0,0.0816326530612245,0.6400017738342285,0.717567503452301,0.6765688061714172
after_llm_release_comments_generated_responses_persona_2_zero_shot.csv,after_llm,2,zero_shot,7,Gemini,0.09375,0.0,0.09375,0.6112473011016846,0.6957942247390747,0.650786280632019
after_llm_release_comments_generated_responses_persona_2_zero_shot.csv,after_llm,2,zero_shot,7,Llama3,0.052631578947368425,0.0,0.052631578947368425,0.6287093162536621,0.6782091856002808,0.6525218486785889
after_llm_release_comments_generated_responses_persona_2_zero_shot.csv,after_llm,2,zero_shot,8,Gpt4,0.26865671641791045,0.0923076923076923,0.20895522388059704,0.700549304485321,0.7259125113487244,0.7130054831504822
after_llm_release_comments_generated_responses_persona_2_zero_shot.csv,after_llm,2,zero_shot,8,Gemini,0.16666666666666666,0.0,0.11904761904761904,0.6370907425880432,0.686992347240448,0.661101222038269
after_llm_release_comments_generated_responses_persona_2_zero_shot.csv,after_llm,2,zero_shot,8,Llama3,0.24489795918367346,0.0,0.16326530612244897,0.6854504942893982,0.6977613568305969,0.691551148891449
after_llm_release_comments_generated_responses_persona_2_zero_shot.csv,after_llm,2,zero_shot,9,Gpt4,0.21739130434782608,0.09090909090909091,0.13043478260869565,0.6819276809692383,0.8179653286933899,0.743777334690094
after_llm_release_comments_generated_responses_persona_2_zero_shot.csv,after_llm,2,zero_shot,9,Gemini,0.07692307692307693,0.0,0.07692307692307693,0.6320585608482361,0.6919448375701904,0.6606472730636597
after_llm_release_comments_generated_responses_persona_2_zero_shot.csv,after_llm,2,zero_shot,9,Llama3,0.12903225806451613,0.0,0.12903225806451613,0.6236885190010071,0.6932480335235596,0.6566312909126282
after_llm_release_comments_generated_responses_persona_2_zero_shot.csv,after_llm,2,zero_shot,10,Gpt4,0.0,0.0,0.0,0.5995434522628784,0.6581822037696838,0.6274958252906799
after_llm_release_comments_generated_responses_persona_2_zero_shot.csv,after_llm,2,zero_shot,10,Gemini,0.03571428571428571,0.0,0.03571428571428571,0.6355631947517395,0.6890214681625366,0.6612135767936707
after_llm_release_comments_generated_responses_persona_2_zero_shot.csv,after_llm,2,zero_shot,10,Llama3,0.12903225806451613,0.0,0.12903225806451613,0.6222172975540161,0.693462610244751,0.6559109687805176
after_llm_release_comments_generated_responses_persona_2_zero_shot.csv,after_llm,2,zero_shot,11,Gpt4,0.2830188679245283,0.07692307692307691,0.18867924528301888,0.7397319674491882,0.7058578133583069,0.7223979830741882
after_llm_release_comments_generated_responses_persona_2_zero_shot.csv,after_llm,2,zero_shot,11,Gemini,0.27586206896551724,0.017543859649122803,0.17241379310344826,0.6862902641296387,0.6455047726631165,0.6652730703353882
after_llm_release_comments_generated_responses_persona_2_zero_shot.csv,after_llm,2,zero_shot,11,Llama3,0.32967032967032966,0.1348314606741573,0.21978021978021978,0.7455798983573914,0.6662975549697876,0.7037127614021301
after_llm_release_comments_generated_responses_persona_2_zero_shot.csv,after_llm,2,zero_shot,12,Gpt4,0.31707317073170727,0.1,0.24390243902439024,0.7160220146179199,0.7012701630592346,0.7085692882537842
after_llm_release_comments_generated_responses_persona_2_zero_shot.csv,after_llm,2,zero_shot,12,Gemini,0.25,0.0425531914893617,0.14583333333333334,0.6662218570709229,0.6878986358642578,0.6768867373466492
after_llm_release_comments_generated_responses_persona_2_zero_shot.csv,after_llm,2,zero_shot,12,Llama3,0.276923076923077,0.12698412698412698,0.2153846153846154,0.7231807708740234,0.69351726770401,0.7080384492874146
after_llm_release_comments_generated_responses_persona_2_zero_shot.csv,after_llm,2,zero_shot,13,Gpt4,0.04081632653061225,0.0,0.04081632653061225,0.6153526306152344,0.7459356188774109,0.674380898475647
after_llm_release_comments_generated_responses_persona_2_zero_shot.csv,after_llm,2,zero_shot,13,Gemini,0.04395604395604395,0.0,0.04395604395604395,0.6000989079475403,0.6707755327224731,0.6334719061851501
after_llm_release_comments_generated_responses_persona_2_zero_shot.csv,after_llm,2,zero_shot,13,Llama3,0.13793103448275862,0.0,0.13793103448275862,0.6284279823303223,0.6926275491714478,0.6589677929878235
after_llm_release_comments_generated_responses_persona_2_zero_shot.csv,after_llm,2,zero_shot,14,Gpt4,0.27096774193548384,0.026143790849673207,0.14193548387096774,0.6970730423927307,0.6622229218482971,0.6792012453079224
after_llm_release_comments_generated_responses_persona_2_zero_shot.csv,after_llm,2,zero_shot,14,Gemini,0.18571428571428572,0.02898550724637681,0.12857142857142856,0.6695600748062134,0.6296426057815552,0.6489881277084351
after_llm_release_comments_generated_responses_persona_2_zero_shot.csv,after_llm,2,zero_shot,14,Llama3,0.11570247933884296,0.0,0.09917355371900827,0.6822385191917419,0.6133449077606201,0.6459599733352661
after_llm_release_comments_generated_responses_persona_2_zero_shot.csv,after_llm,2,zero_shot,15,Gpt4,0.32911392405063294,0.07792207792207792,0.20253164556962025,0.7043394446372986,0.7214967608451843,0.7128149271011353
after_llm_release_comments_generated_responses_persona_2_zero_shot.csv,after_llm,2,zero_shot,15,Gemini,0.3076923076923077,0.04494382022471911,0.19780219780219782,0.716162919998169,0.7274374961853027,0.7217562198638916
after_llm_release_comments_generated_responses_persona_2_zero_shot.csv,after_llm,2,zero_shot,15,Llama3,0.3174603174603175,0.09836065573770493,0.253968253968254,0.7454780340194702,0.7243508100509644,0.7347626090049744
after_llm_release_comments_generated_responses_persona_2_zero_shot.csv,after_llm,2,zero_shot,16,Gpt4,0.25,0.05128205128205128,0.20000000000000004,0.6999019384384155,0.681266188621521,0.6904582977294922
after_llm_release_comments_generated_responses_persona_2_zero_shot.csv,after_llm,2,zero_shot,16,Gemini,0.35416666666666663,0.06382978723404256,0.1875,0.7140448093414307,0.7351041436195374,0.7244214415550232
after_llm_release_comments_generated_responses_persona_2_zero_shot.csv,after_llm,2,zero_shot,16,Llama3,0.33333333333333337,0.09375000000000001,0.24242424242424246,0.7509106993675232,0.7262658476829529,0.7383826971054077
after_llm_release_comments_generated_responses_persona_2_zero_shot.csv,after_llm,2,zero_shot,17,Gpt4,0.3116883116883117,0.05333333333333333,0.15584415584415584,0.6861912608146667,0.6818743944168091,0.6840260624885559
after_llm_release_comments_generated_responses_persona_2_zero_shot.csv,after_llm,2,zero_shot,17,Gemini,0.2988505747126437,0.09411764705882353,0.2298850574712644,0.7021878957748413,0.7068166732788086,0.7044946551322937
after_llm_release_comments_generated_responses_persona_2_zero_shot.csv,after_llm,2,zero_shot,17,Llama3,0.3174603174603175,0.09836065573770493,0.253968253968254,0.7454780340194702,0.7243508100509644,0.7347626090049744
before_llm_comments_generated_responses_persona_1_few_shot.csv,before_llm,1,few_shot,0,Gpt4,0.21487603305785125,0.01680672268907563,0.09917355371900827,0.6463570594787598,0.6315029859542847,0.6388437151908875
before_llm_comments_generated_responses_persona_1_few_shot.csv,before_llm,1,few_shot,0,Gemini,0.1917808219178082,0.02777777777777778,0.12328767123287672,0.640119194984436,0.6467560529708862,0.6434205174446106
before_llm_comments_generated_responses_persona_1_few_shot.csv,before_llm,1,few_shot,0,Llama3,0.1523809523809524,0.0,0.09523809523809522,0.6302445530891418,0.6323326826095581,0.6312868595123291
before_llm_comments_generated_responses_persona_1_few_shot.csv,before_llm,1,few_shot,1,Gpt4,0.1941747572815534,0.0,0.13592233009708737,0.5966677069664001,0.6673398017883301,0.6300280094146729
before_llm_comments_generated_responses_persona_1_few_shot.csv,before_llm,1,few_shot,1,Gemini,0.18032786885245902,0.03333333333333334,0.14754098360655737,0.6029731631278992,0.6664577126502991,0.6331279873847961
before_llm_comments_generated_responses_persona_1_few_shot.csv,before_llm,1,few_shot,1,Llama3,0.18348623853211007,0.0,0.14678899082568808,0.6278253793716431,0.6609346866607666,0.6439546942710876
before_llm_comments_generated_responses_persona_1_few_shot.csv,before_llm,1,few_shot,2,Gpt4,0.36986301369863006,0.05555555555555556,0.2328767123287671,0.6997416615486145,0.6895594596862793,0.6946132779121399
before_llm_comments_generated_responses_persona_1_few_shot.csv,before_llm,1,few_shot,2,Gemini,0.3488372093023256,0.08235294117647059,0.19767441860465115,0.681158185005188,0.6851587891578674,0.6831525564193726
before_llm_comments_generated_responses_persona_1_few_shot.csv,before_llm,1,few_shot,2,Llama3,0.41791044776119407,0.0909090909090909,0.1940298507462687,0.7145503163337708,0.6930440664291382,0.7036328315734863
before_llm_comments_generated_responses_persona_1_few_shot.csv,before_llm,1,few_shot,3,Gpt4,0.3163265306122449,0.020618556701030927,0.19387755102040816,0.6618927717208862,0.6240794062614441,0.6424301862716675
before_llm_comments_generated_responses_persona_1_few_shot.csv,before_llm,1,few_shot,3,Gemini,0.35344827586206895,0.017391304347826087,0.16379310344827586,0.668580949306488,0.6658174395561218,0.6671963334083557
before_llm_comments_generated_responses_persona_1_few_shot.csv,before_llm,1,few_shot,3,Llama3,0.32183908045977017,0.0697674418604651,0.16091954022988508,0.6966578364372253,0.6525536179542542,0.6738848686218262
before_llm_comments_generated_responses_persona_1_few_shot.csv,before_llm,1,few_shot,4,Gpt4,0.15384615384615385,0.013636363636363636,0.08597285067873303,0.6968655586242676,0.6400318145751953,0.6672406196594238
before_llm_comments_generated_responses_persona_1_few_shot.csv,before_llm,1,few_shot,4,Gemini,0.23628691983122363,0.016949152542372885,0.1139240506329114,0.6947970390319824,0.664131760597229,0.6791183948516846
before_llm_comments_generated_responses_persona_1_few_shot.csv,before_llm,1,few_shot,4,Llama3,0.14385150812064967,0.03263403263403263,0.09280742459396753,0.6873307824134827,0.6355317234992981,0.6604170799255371
before_llm_comments_generated_responses_persona_1_few_shot.csv,before_llm,1,few_shot,5,Gpt4,0.25599999999999995,0.06504065040650406,0.16,0.6505391001701355,0.6702225208282471,0.6602340936660767
before_llm_comments_generated_responses_persona_1_few_shot.csv,before_llm,1,few_shot,5,Gemini,0.2666666666666666,0.06015037593984962,0.1333333333333333,0.6542674899101257,0.660831093788147,0.6575329303741455
before_llm_comments_generated_responses_persona_1_few_shot.csv,before_llm,1,few_shot,5,Llama3,0.304,0.06504065040650406,0.192,0.6937278509140015,0.6988670825958252,0.696287989616394
before_llm_comments_generated_responses_persona_1_few_shot.csv,before_llm,1,few_shot,6,Gpt4,0.11320754716981131,0.0,0.07547169811320754,0.6289627552032471,0.6649728417396545,0.6464667320251465
before_llm_comments_generated_responses_persona_1_few_shot.csv,before_llm,1,few_shot,6,Gemini,0.08955223880597014,0.0,0.05970149253731344,0.6350888013839722,0.6596291661262512,0.6471263766288757
before_llm_comments_generated_responses_persona_1_few_shot.csv,before_llm,1,few_shot,6,Llama3,0.16666666666666666,0.02127659574468085,0.08333333333333333,0.6437279582023621,0.670640766620636,0.6569088101387024
before_llm_comments_generated_responses_persona_1_few_shot.csv,before_llm,1,few_shot,7,Gpt4,0.30939226519337015,0.0670391061452514,0.15469613259668508,0.6759054660797119,0.6600229144096375,0.6678697466850281
before_llm_comments_generated_responses_persona_1_few_shot.csv,before_llm,1,few_shot,7,Gemini,0.2761904761904762,0.028846153846153848,0.1523809523809524,0.6738823056221008,0.6613726019859314,0.6675688624382019
before_llm_comments_generated_responses_persona_1_few_shot.csv,before_llm,1,few_shot,7,Llama3,0.28089887640449435,0.03409090909090909,0.17977528089887643,0.7033458352088928,0.6661736369132996,0.6842552423477173
before_llm_comments_generated_responses_persona_1_few_shot.csv,before_llm,1,few_shot,8,Gpt4,0.225,0.02531645569620253,0.1,0.6836225986480713,0.6718228459358215,0.6776713728904724
before_llm_comments_generated_responses_persona_1_few_shot.csv,before_llm,1,few_shot,8,Gemini,0.2912621359223301,0.02941176470588235,0.16504854368932037,0.6682963967323303,0.6659725308418274,0.6671324372291565
before_llm_comments_generated_responses_persona_1_few_shot.csv,before_llm,1,few_shot,8,Llama3,0.19607843137254902,0.01324503311258278,0.10457516339869281,0.6883707642555237,0.6474352478981018,0.6672757863998413
before_llm_comments_generated_responses_persona_1_few_shot.csv,before_llm,1,few_shot,9,Gpt4,0.2,0.02380952380952381,0.1411764705882353,0.6655353307723999,0.6639384031295776,0.6647359132766724
before_llm_comments_generated_responses_persona_1_few_shot.csv,before_llm,1,few_shot,9,Gemini,0.23,0.030303030303030304,0.15,0.6746834516525269,0.6755287647247314,0.67510586977005
before_llm_comments_generated_responses_persona_1_few_shot.csv,before_llm,1,few_shot,9,Llama3,0.24539877300613497,0.0,0.12269938650306748,0.67665034532547,0.6569921374320984,0.66667640209198
before_llm_comments_generated_responses_persona_1_few_shot.csv,before_llm,1,few_shot,10,Gpt4,0.2608695652173913,0.0,0.11956521739130435,0.6828609108924866,0.663114070892334,0.6728426814079285
before_llm_comments_generated_responses_persona_1_few_shot.csv,before_llm,1,few_shot,10,Gemini,0.2870370370370371,0.009345794392523366,0.1388888888888889,0.6787979006767273,0.6663335561752319,0.6725080013275146
before_llm_comments_generated_responses_persona_1_few_shot.csv,before_llm,1,few_shot,10,Llama3,0.2,0.011235955056179777,0.1,0.6872714161872864,0.6585185527801514,0.6725878715515137
before_llm_comments_generated_responses_persona_1_few_shot.csv,before_llm,1,few_shot,11,Gpt4,0.1188118811881188,0.0202020202020202,0.099009900990099,0.668628454208374,0.694197416305542,0.6811730861663818
before_llm_comments_generated_responses_persona_1_few_shot.csv,before_llm,1,few_shot,11,Gemini,0.1818181818181818,0.014184397163120567,0.11188811188811189,0.6591328382492065,0.706450343132019,0.6819718480110168
before_llm_comments_generated_responses_persona_1_few_shot.csv,before_llm,1,few_shot,11,Llama3,0.24999999999999994,0.039215686274509796,0.1346153846153846,0.6934376955032349,0.7230594158172607,0.7079388499259949
before_llm_comments_generated_responses_persona_1_few_shot.csv,before_llm,1,few_shot,12,Gpt4,0.3164556962025316,0.02564102564102564,0.16455696202531644,0.6843830943107605,0.6855528950691223,0.6849675178527832
before_llm_comments_generated_responses_persona_1_few_shot.csv,before_llm,1,few_shot,12,Gemini,0.27225130890052357,0.04232804232804233,0.14659685863874344,0.6809057593345642,0.6893413066864014,0.6850975751876831
before_llm_comments_generated_responses_persona_1_few_shot.csv,before_llm,1,few_shot,12,Llama3,0.267515923566879,0.012903225806451613,0.12738853503184713,0.6976271271705627,0.6935345530509949,0.6955748200416565
before_llm_comments_generated_responses_persona_1_few_shot.csv,before_llm,1,few_shot,13,Gpt4,0.22857142857142854,0.019417475728155338,0.11428571428571427,0.6640621423721313,0.6901352405548096,0.6768476963043213
before_llm_comments_generated_responses_persona_1_few_shot.csv,before_llm,1,few_shot,13,Gemini,0.1904761904761905,0.0,0.108843537414966,0.6484156250953674,0.7094475030899048,0.6775599122047424
before_llm_comments_generated_responses_persona_1_few_shot.csv,before_llm,1,few_shot,13,Llama3,0.22857142857142854,0.038834951456310676,0.13333333333333333,0.6835311651229858,0.7023501992225647,0.6928128600120544
before_llm_comments_generated_responses_persona_1_few_shot.csv,before_llm,1,few_shot,14,Gpt4,0.22641509433962265,0.0,0.1509433962264151,0.6751938462257385,0.6707960367202759,0.6729877591133118
before_llm_comments_generated_responses_persona_1_few_shot.csv,before_llm,1,few_shot,14,Gemini,0.2955665024630542,0.009950248756218905,0.1477832512315271,0.6644580960273743,0.6766665577888489,0.6705067753791809
before_llm_comments_generated_responses_persona_1_few_shot.csv,before_llm,1,few_shot,14,Llama3,0.27848101265822783,0.0,0.11392405063291139,0.693446159362793,0.6870850324630737,0.6902509331703186
before_llm_comments_generated_responses_persona_1_few_shot.csv,before_llm,1,few_shot,15,Gpt4,0.20465116279069764,0.03755868544600939,0.10232558139534882,0.650047779083252,0.6098694801330566,0.6293179988861084
before_llm_comments_generated_responses_persona_1_few_shot.csv,before_llm,1,few_shot,15,Gemini,0.26515151515151514,0.0076335877862595426,0.11363636363636365,0.6422585248947144,0.6213237047195435,0.6316176652908325
before_llm_comments_generated_responses_persona_1_few_shot.csv,before_llm,1,few_shot,15,Llama3,0.20276497695852536,0.009302325581395349,0.11981566820276499,0.6576228737831116,0.6136996746063232,0.6349025368690491
before_llm_comments_generated_responses_persona_1_few_shot.csv,before_llm,1,few_shot,16,Gpt4,0.22448979591836737,0.0,0.12244897959183673,0.6630138754844666,0.6767120361328125,0.669792890548706
before_llm_comments_generated_responses_persona_1_few_shot.csv,before_llm,1,few_shot,16,Gemini,0.22972972972972971,0.0,0.10810810810810811,0.654412031173706,0.6912632584571838,0.6723331212997437
before_llm_comments_generated_responses_persona_1_few_shot.csv,before_llm,1,few_shot,16,Llama3,0.29126213592233013,0.07920792079207921,0.1941747572815534,0.6810332536697388,0.6967189311981201,0.6887868046760559
before_llm_comments_generated_responses_persona_1_few_shot.csv,before_llm,1,few_shot,17,Gpt4,0.15189873417721517,0.0,0.12658227848101267,0.6218564510345459,0.687114953994751,0.6528589725494385
before_llm_comments_generated_responses_persona_1_few_shot.csv,before_llm,1,few_shot,17,Gemini,0.12844036697247707,0.0,0.11009174311926606,0.5902681946754456,0.6661205291748047,0.6259046792984009
before_llm_comments_generated_responses_persona_1_few_shot.csv,before_llm,1,few_shot,17,Llama3,0.21052631578947367,0.027027027027027025,0.15789473684210528,0.6148003935813904,0.6773157715797424,0.6445457339286804
before_llm_comments_generated_responses_persona_1_zero_shot.csv,before_llm,1,zero_shot,0,Gpt4,0.21333333333333335,0.01351351351351351,0.12000000000000001,0.6273773908615112,0.6445553302764893,0.6358503699302673
before_llm_comments_generated_responses_persona_1_zero_shot.csv,before_llm,1,zero_shot,0,Gemini,0.1787709497206704,0.011299435028248588,0.111731843575419,0.6290798783302307,0.6558330059051514,0.642177939414978
before_llm_comments_generated_responses_persona_1_zero_shot.csv,before_llm,1,zero_shot,0,Llama3,0.20560747663551404,0.0380952380952381,0.09345794392523364,0.662774920463562,0.6418373584747314,0.6521381139755249
before_llm_comments_generated_responses_persona_1_zero_shot.csv,before_llm,1,zero_shot,1,Gpt4,0.16374269005847952,0.02366863905325444,0.11695906432748537,0.5753222107887268,0.6561527252197266,0.6130847334861755
before_llm_comments_generated_responses_persona_1_zero_shot.csv,before_llm,1,zero_shot,1,Gemini,0.14444444444444443,0.033707865168539325,0.12222222222222223,0.5861887335777283,0.6663877367973328,0.6237207651138306
before_llm_comments_generated_responses_persona_1_zero_shot.csv,before_llm,1,zero_shot,1,Llama3,0.21782178217821782,0.020202020202020204,0.11881188118811883,0.6153309345245361,0.6871248483657837,0.6492491960525513
before_llm_comments_generated_responses_persona_1_zero_shot.csv,before_llm,1,zero_shot,2,Gpt4,0.28205128205128205,0.051948051948051945,0.16666666666666666,0.6827250123023987,0.6882750988006592,0.6854888796806335
before_llm_comments_generated_responses_persona_1_zero_shot.csv,before_llm,1,zero_shot,2,Gemini,0.33628318584070793,0.05357142857142858,0.17699115044247787,0.6772042512893677,0.7003347873687744,0.6885753273963928
before_llm_comments_generated_responses_persona_1_zero_shot.csv,before_llm,1,zero_shot,2,Llama3,0.33587786259541985,0.06201550387596899,0.1984732824427481,0.7092114090919495,0.6942073106765747,0.701629102230072
before_llm_comments_generated_responses_persona_1_zero_shot.csv,before_llm,1,zero_shot,3,Gpt4,0.3495934959349593,0.05737704918032787,0.17073170731707318,0.6716410517692566,0.6672951579093933,0.6694610714912415
before_llm_comments_generated_responses_persona_1_zero_shot.csv,before_llm,1,zero_shot,3,Gemini,0.3049095607235142,0.046753246753246755,0.14987080103359174,0.64162278175354,0.6721582412719727,0.6565356254577637
before_llm_comments_generated_responses_persona_1_zero_shot.csv,before_llm,1,zero_shot,3,Llama3,0.3085714285714286,0.057803468208092484,0.17142857142857143,0.6919069886207581,0.6468388438224792,0.6686143279075623
before_llm_comments_generated_responses_persona_1_zero_shot.csv,before_llm,1,zero_shot,4,Gpt4,0.30769230769230765,0.04912280701754386,0.13986013986013987,0.6584615111351013,0.6600273847579956,0.6592435240745544
before_llm_comments_generated_responses_persona_1_zero_shot.csv,before_llm,1,zero_shot,4,Gemini,0.2545454545454545,0.028397565922920896,0.14141414141414138,0.6795746684074402,0.6591120958328247,0.6691870093345642
before_llm_comments_generated_responses_persona_1_zero_shot.csv,before_llm,1,zero_shot,4,Llama3,0.125,0.009302325581395349,0.07407407407407408,0.664657473564148,0.6299635171890259,0.6468456387519836
before_llm_comments_generated_responses_persona_1_zero_shot.csv,before_llm,1,zero_shot,5,Gpt4,0.30837004405286345,0.08888888888888888,0.18502202643171808,0.6862096786499023,0.7408929467201233,0.7125036716461182
before_llm_comments_generated_responses_persona_1_zero_shot.csv,before_llm,1,zero_shot,5,Gemini,0.2894736842105263,0.02666666666666667,0.17105263157894737,0.6556012034416199,0.6896428465843201,0.672191321849823
before_llm_comments_generated_responses_persona_1_zero_shot.csv,before_llm,1,zero_shot,5,Llama3,0.33333333333333337,0.06451612903225808,0.20634920634920637,0.6984367966651917,0.6960113048553467,0.6972219347953796
before_llm_comments_generated_responses_persona_1_zero_shot.csv,before_llm,1,zero_shot,6,Gpt4,0.1925925925925926,0.07518796992481204,0.17777777777777778,0.6536957025527954,0.717278003692627,0.6840124726295471
before_llm_comments_generated_responses_persona_1_zero_shot.csv,before_llm,1,zero_shot,6,Gemini,0.10227272727272728,0.011494252873563218,0.05681818181818182,0.6105688810348511,0.6580023169517517,0.6333988308906555
before_llm_comments_generated_responses_persona_1_zero_shot.csv,before_llm,1,zero_shot,6,Llama3,0.163265306122449,0.020833333333333336,0.14285714285714285,0.657317042350769,0.6686468124389648,0.6629335284233093
before_llm_comments_generated_responses_persona_1_zero_shot.csv,before_llm,1,zero_shot,7,Gpt4,0.3461538461538462,0.08527131782945735,0.1923076923076923,0.6994343996047974,0.714937150478363,0.7071008086204529
before_llm_comments_generated_responses_persona_1_zero_shot.csv,before_llm,1,zero_shot,7,Gemini,0.3416666666666667,0.03361344537815126,0.18333333333333332,0.6873491406440735,0.6875487565994263,0.6874488592147827
before_llm_comments_generated_responses_persona_1_zero_shot.csv,before_llm,1,zero_shot,7,Llama3,0.3240223463687151,0.0790960451977401,0.18994413407821228,0.7125574350357056,0.6717880964279175,0.6915724277496338
before_llm_comments_generated_responses_persona_1_zero_shot.csv,before_llm,1,zero_shot,8,Gpt4,0.24324324324324326,0.06363636363636364,0.16216216216216217,0.6879676580429077,0.6916390061378479,0.6897984147071838
before_llm_comments_generated_responses_persona_1_zero_shot.csv,before_llm,1,zero_shot,8,Gemini,0.10817941952506598,0.021164021164021163,0.06860158311345646,0.6189749240875244,0.6679782271385193,0.642543613910675
before_llm_comments_generated_responses_persona_1_zero_shot.csv,before_llm,1,zero_shot,8,Llama3,0.23076923076923075,0.012987012987012986,0.1282051282051282,0.6770013570785522,0.6471975445747375,0.6617640256881714
before_llm_comments_generated_responses_persona_1_zero_shot.csv,before_llm,1,zero_shot,9,Gpt4,0.25663716814159293,0.026785714285714284,0.12389380530973453,0.67778480052948,0.6975620985031128,0.6875312328338623
before_llm_comments_generated_responses_persona_1_zero_shot.csv,before_llm,1,zero_shot,9,Gemini,0.25339366515837103,0.027397260273972605,0.13574660633484162,0.6523112058639526,0.6753351092338562,0.663623571395874
before_llm_comments_generated_responses_persona_1_zero_shot.csv,before_llm,1,zero_shot,9,Llama3,0.18181818181818182,0.03680981595092025,0.12121212121212123,0.6711166501045227,0.656327486038208,0.6636397242546082
before_llm_comments_generated_responses_persona_1_zero_shot.csv,before_llm,1,zero_shot,10,Gpt4,0.3010033444816053,0.0404040404040404,0.14046822742474915,0.6575040817260742,0.6761974096298218,0.6667197346687317
before_llm_comments_generated_responses_persona_1_zero_shot.csv,before_llm,1,zero_shot,10,Gemini,0.2777777777777778,0.0,0.1349206349206349,0.6626821756362915,0.6714663505554199,0.6670453548431396
before_llm_comments_generated_responses_persona_1_zero_shot.csv,before_llm,1,zero_shot,10,Llama3,0.2320441988950276,0.0111731843575419,0.143646408839779,0.6828871965408325,0.6467481255531311,0.664326548576355
before_llm_comments_generated_responses_persona_1_zero_shot.csv,before_llm,1,zero_shot,11,Gpt4,0.11702127659574468,0.021505376344086023,0.07446808510638298,0.6289164423942566,0.6862623691558838,0.6563391089439392
before_llm_comments_generated_responses_persona_1_zero_shot.csv,before_llm,1,zero_shot,11,Gemini,0.1806451612903226,0.0522875816993464,0.11612903225806451,0.6446442008018494,0.7000123858451843,0.6711883544921875
before_llm_comments_generated_responses_persona_1_zero_shot.csv,before_llm,1,zero_shot,11,Llama3,0.16822429906542055,0.0380952380952381,0.09345794392523364,0.6783511638641357,0.7014443278312683,0.6897044777870178
before_llm_comments_generated_responses_persona_1_zero_shot.csv,before_llm,1,zero_shot,12,Gpt4,0.3333333333333333,0.04098360655737705,0.1626016260162602,0.660660445690155,0.6980973482131958,0.6788631677627563
before_llm_comments_generated_responses_persona_1_zero_shot.csv,before_llm,1,zero_shot,12,Gemini,0.3009708737864078,0.058823529411764705,0.13592233009708737,0.6722502708435059,0.6919708847999573,0.681968092918396
before_llm_comments_generated_responses_persona_1_zero_shot.csv,before_llm,1,zero_shot,12,Llama3,0.32500000000000007,0.050632911392405056,0.15,0.688633382320404,0.6832171082496643,0.6859145760536194
before_llm_comments_generated_responses_persona_1_zero_shot.csv,before_llm,1,zero_shot,13,Gpt4,0.19999999999999998,0.0,0.13333333333333333,0.6573114991188049,0.7037920355796814,0.6797581315040588
before_llm_comments_generated_responses_persona_1_zero_shot.csv,before_llm,1,zero_shot,13,Gemini,0.1839080459770115,0.02325581395348837,0.11494252873563218,0.6422609090805054,0.7044360041618347,0.671913206577301
before_llm_comments_generated_responses_persona_1_zero_shot.csv,before_llm,1,zero_shot,13,Llama3,0.18867924528301885,0.019230769230769232,0.09433962264150943,0.6865508556365967,0.7054210305213928,0.6958580613136292
before_llm_comments_generated_responses_persona_1_zero_shot.csv,before_llm,1,zero_shot,14,Gpt4,0.2903225806451613,0.032520325203252036,0.16935483870967744,0.6675595641136169,0.6996424794197083,0.6832245588302612
before_llm_comments_generated_responses_persona_1_zero_shot.csv,before_llm,1,zero_shot,14,Gemini,0.2533936651583711,0.0,0.12669683257918554,0.6514216065406799,0.6753712892532349,0.6631802320480347
before_llm_comments_generated_responses_persona_1_zero_shot.csv,before_llm,1,zero_shot,14,Llama3,0.2138364779874214,0.0,0.12578616352201258,0.690199077129364,0.6740514636039734,0.6820297241210938
before_llm_comments_generated_responses_persona_1_zero_shot.csv,before_llm,1,zero_shot,15,Gpt4,0.3148148148148148,0.031055900621118016,0.12962962962962962,0.6410650014877319,0.6391595602035522,0.6401108503341675
before_llm_comments_generated_responses_persona_1_zero_shot.csv,before_llm,1,zero_shot,15,Gemini,0.3115942028985508,0.014598540145985403,0.13043478260869568,0.6514256596565247,0.6349666118621826,0.6430909037590027
before_llm_comments_generated_responses_persona_1_zero_shot.csv,before_llm,1,zero_shot,15,Llama3,0.22018348623853212,0.02777777777777778,0.11009174311926606,0.6538218259811401,0.6134563684463501,0.6329962015151978
before_llm_comments_generated_responses_persona_1_zero_shot.csv,before_llm,1,zero_shot,16,Gpt4,0.1693121693121693,0.0213903743315508,0.09523809523809523,0.6314741969108582,0.6818490624427795,0.6556955575942993
before_llm_comments_generated_responses_persona_1_zero_shot.csv,before_llm,1,zero_shot,16,Gemini,0.2012578616352201,0.0,0.11320754716981134,0.6565608978271484,0.6875990629196167,0.6717216372489929
before_llm_comments_generated_responses_persona_1_zero_shot.csv,before_llm,1,zero_shot,16,Llama3,0.19230769230769232,0.0196078431372549,0.11538461538461539,0.6653715968132019,0.6657841205596924,0.66557776927948
before_llm_comments_generated_responses_persona_1_zero_shot.csv,before_llm,1,zero_shot,17,Gpt4,0.13432835820895522,0.015151515151515148,0.0746268656716418,0.5584790706634521,0.663243293762207,0.6063693165779114
before_llm_comments_generated_responses_persona_1_zero_shot.csv,before_llm,1,zero_shot,17,Gemini,0.1322314049586777,0.0,0.09917355371900825,0.5860182046890259,0.6793168783187866,0.629227876663208
before_llm_comments_generated_responses_persona_1_zero_shot.csv,before_llm,1,zero_shot,17,Llama3,0.2077922077922078,0.02666666666666667,0.1038961038961039,0.6124453544616699,0.6802550554275513,0.6445717215538025
before_llm_comments_generated_responses_persona_2_few_shot.csv,before_llm,2,few_shot,0,Gpt4,0.24528301886792453,0.0,0.1320754716981132,0.6541155576705933,0.6300381422042847,0.6418511271476746
before_llm_comments_generated_responses_persona_2_few_shot.csv,before_llm,2,few_shot,0,Gemini,0.25806451612903225,0.04918032786885246,0.16129032258064516,0.6684994697570801,0.6670655012130737,0.6677817106246948
before_llm_comments_generated_responses_persona_2_few_shot.csv,before_llm,2,few_shot,0,Llama3,0.15584415584415587,0.05333333333333334,0.1038961038961039,0.6696333885192871,0.6293848156929016,0.6488856077194214
before_llm_comments_generated_responses_persona_2_few_shot.csv,before_llm,2,few_shot,1,Gpt4,0.11235955056179775,0.0,0.0898876404494382,0.6039788126945496,0.6551210284233093,0.6285113096237183
before_llm_comments_generated_responses_persona_2_few_shot.csv,before_llm,2,few_shot,1,Gemini,0.1904761904761905,0.0,0.11428571428571427,0.6181880235671997,0.6618171334266663,0.6392589807510376
before_llm_comments_generated_responses_persona_2_few_shot.csv,before_llm,2,few_shot,1,Llama3,0.18823529411764706,0.0,0.09411764705882353,0.6442005634307861,0.6646549701690674,0.6542679071426392
before_llm_comments_generated_responses_persona_2_few_shot.csv,before_llm,2,few_shot,2,Gpt4,0.2900763358778626,0.07751937984496124,0.2137404580152672,0.7226273417472839,0.7005350589752197,0.7114096879959106
before_llm_comments_generated_responses_persona_2_few_shot.csv,before_llm,2,few_shot,2,Gemini,0.2913907284768212,0.040268456375838924,0.15894039735099338,0.6925954818725586,0.692868173122406,0.6927317380905151
before_llm_comments_generated_responses_persona_2_few_shot.csv,before_llm,2,few_shot,2,Llama3,0.19298245614035087,0.03571428571428571,0.12280701754385966,0.7095118761062622,0.6793913245201111,0.6941249966621399
before_llm_comments_generated_responses_persona_2_few_shot.csv,before_llm,2,few_shot,3,Gpt4,0.22857142857142856,0.023121387283236993,0.12571428571428572,0.6749610304832458,0.6381134390830994,0.6560202240943909
before_llm_comments_generated_responses_persona_2_few_shot.csv,before_llm,2,few_shot,3,Gemini,0.3098591549295775,0.05687203791469194,0.16901408450704228,0.6689325571060181,0.6498701572418213,0.659263551235199
before_llm_comments_generated_responses_persona_2_few_shot.csv,before_llm,2,few_shot,3,Llama3,0.22784810126582278,0.03846153846153846,0.13924050632911394,0.7022871971130371,0.6390535235404968,0.6691798567771912
before_llm_comments_generated_responses_persona_2_few_shot.csv,before_llm,2,few_shot,4,Gpt4,0.10501193317422433,0.014388489208633093,0.06682577565632457,0.6932366490364075,0.6088908314704895,0.6483319401741028
before_llm_comments_generated_responses_persona_2_few_shot.csv,before_llm,2,few_shot,4,Gemini,0.18021978021978025,0.03532008830022075,0.1010989010989011,0.7270464301109314,0.6611372828483582,0.6925272345542908
before_llm_comments_generated_responses_persona_2_few_shot.csv,before_llm,2,few_shot,4,Llama3,0.06845965770171149,0.0,0.04400977995110024,0.6627777218818665,0.5953686237335205,0.6272673606872559
before_llm_comments_generated_responses_persona_2_few_shot.csv,before_llm,2,few_shot,5,Gpt4,0.21428571428571425,0.01818181818181818,0.1607142857142857,0.6607291102409363,0.6559255719184875,0.6583185791969299
before_llm_comments_generated_responses_persona_2_few_shot.csv,before_llm,2,few_shot,5,Gemini,0.22580645161290322,0.03278688524590164,0.16129032258064516,0.6658702492713928,0.6521328687667847,0.6589299440383911
before_llm_comments_generated_responses_persona_2_few_shot.csv,before_llm,2,few_shot,5,Llama3,0.20952380952380953,0.03883495145631068,0.15238095238095237,0.6971395611763,0.6664063930511475,0.6814266443252563
before_llm_comments_generated_responses_persona_2_few_shot.csv,before_llm,2,few_shot,6,Gpt4,0.14634146341463414,0.0,0.12195121951219512,0.6436201333999634,0.6527809500694275,0.6481682062149048
before_llm_comments_generated_responses_persona_2_few_shot.csv,before_llm,2,few_shot,6,Gemini,0.16,0.0,0.112,0.6506420373916626,0.6630004644393921,0.6567631363868713
before_llm_comments_generated_responses_persona_2_few_shot.csv,before_llm,2,few_shot,6,Llama3,0.16,0.0273972602739726,0.10666666666666667,0.6457154750823975,0.6440796256065369,0.6448965072631836
before_llm_comments_generated_responses_persona_2_few_shot.csv,before_llm,2,few_shot,7,Gpt4,0.28735632183908044,0.06976744186046512,0.14942528735632182,0.692520797252655,0.6531332731246948,0.6722506284713745
before_llm_comments_generated_responses_persona_2_few_shot.csv,before_llm,2,few_shot,7,Gemini,0.2222222222222222,0.02040816326530612,0.15151515151515152,0.6858274936676025,0.6485686898231506,0.6666779518127441
before_llm_comments_generated_responses_persona_2_few_shot.csv,before_llm,2,few_shot,7,Llama3,0.19108280254777069,0.012903225806451613,0.11464968152866242,0.6918268799781799,0.6325647830963135,0.6608699560165405
before_llm_comments_generated_responses_persona_2_few_shot.csv,before_llm,2,few_shot,8,Gpt4,0.1276595744680851,0.014388489208633094,0.05673758865248227,0.6667832732200623,0.6275699138641357,0.6465826034545898
before_llm_comments_generated_responses_persona_2_few_shot.csv,before_llm,2,few_shot,8,Gemini,0.17647058823529413,0.03571428571428572,0.07058823529411765,0.671328067779541,0.6489088535308838,0.6599281430244446
before_llm_comments_generated_responses_persona_2_few_shot.csv,before_llm,2,few_shot,8,Llama3,0.19696969696969696,0.0,0.12121212121212123,0.6924803853034973,0.6369085907936096,0.6635329723358154
before_llm_comments_generated_responses_persona_2_few_shot.csv,before_llm,2,few_shot,9,Gpt4,0.18749999999999997,0.025316455696202535,0.1,0.668296217918396,0.6417578458786011,0.6547582149505615
before_llm_comments_generated_responses_persona_2_few_shot.csv,before_llm,2,few_shot,9,Gemini,0.19999999999999998,0.02247191011235955,0.13333333333333333,0.6750738620758057,0.6551663279533386,0.664971113204956
before_llm_comments_generated_responses_persona_2_few_shot.csv,before_llm,2,few_shot,9,Llama3,0.13986013986013987,0.028368794326241134,0.0979020979020979,0.6821965575218201,0.6509340405464172,0.66619873046875
before_llm_comments_generated_responses_persona_2_few_shot.csv,before_llm,2,few_shot,10,Gpt4,0.19393939393939394,0.024539877300613498,0.09696969696969697,0.6828794479370117,0.6372433304786682,0.6592726111412048
before_llm_comments_generated_responses_persona_2_few_shot.csv,before_llm,2,few_shot,10,Gemini,0.24365482233502536,0.020512820512820513,0.1015228426395939,0.6873857378959656,0.6517150402069092,0.6690752506256104
before_llm_comments_generated_responses_persona_2_few_shot.csv,before_llm,2,few_shot,10,Llama3,0.16352201257861634,0.012738853503184714,0.10062893081761007,0.6888663172721863,0.6401395797729492,0.6636096835136414
before_llm_comments_generated_responses_persona_2_few_shot.csv,before_llm,2,few_shot,11,Gpt4,0.2553191489361702,0.02173913043478261,0.14893617021276595,0.6793749928474426,0.6795716881752014,0.679473340511322
before_llm_comments_generated_responses_persona_2_few_shot.csv,before_llm,2,few_shot,11,Gemini,0.17241379310344826,0.03508771929824562,0.12068965517241381,0.6838385462760925,0.7125594615936279,0.6979036331176758
before_llm_comments_generated_responses_persona_2_few_shot.csv,before_llm,2,few_shot,11,Llama3,0.07228915662650602,0.024691358024691357,0.048192771084337345,0.6778333187103271,0.6830486059188843,0.6804310083389282
before_llm_comments_generated_responses_persona_2_few_shot.csv,before_llm,2,few_shot,12,Gpt4,0.18571428571428572,0.0,0.1142857142857143,0.6733191013336182,0.6554150581359863,0.6642464995384216
before_llm_comments_generated_responses_persona_2_few_shot.csv,before_llm,2,few_shot,12,Gemini,0.304093567251462,0.047337278106508875,0.16374269005847952,0.6711243391036987,0.6680259704589844,0.669571578502655
before_llm_comments_generated_responses_persona_2_few_shot.csv,before_llm,2,few_shot,12,Llama3,0.13235294117647062,0.014925373134328358,0.08823529411764706,0.6823709011077881,0.6535958647727966,0.6676734685897827
before_llm_comments_generated_responses_persona_2_few_shot.csv,before_llm,2,few_shot,13,Gpt4,0.18390804597701152,0.047058823529411764,0.09195402298850576,0.6916822195053101,0.6953580379486084,0.6935152411460876
before_llm_comments_generated_responses_persona_2_few_shot.csv,before_llm,2,few_shot,13,Gemini,0.1801801801801802,0.03669724770642201,0.10810810810810811,0.6816362142562866,0.7071336507797241,0.6941508650779724
before_llm_comments_generated_responses_persona_2_few_shot.csv,before_llm,2,few_shot,13,Llama3,0.14285714285714288,0.0,0.11904761904761907,0.6723247766494751,0.6794451475143433,0.6758661866188049
before_llm_comments_generated_responses_persona_2_few_shot.csv,before_llm,2,few_shot,14,Gpt4,0.1793103448275862,0.0,0.12413793103448273,0.6790515184402466,0.6668202877044678,0.6728803515434265
before_llm_comments_generated_responses_persona_2_few_shot.csv,before_llm,2,few_shot,14,Gemini,0.2391304347826087,0.02197802197802198,0.15217391304347827,0.6688764691352844,0.6726125478744507,0.6707392334938049
before_llm_comments_generated_responses_persona_2_few_shot.csv,before_llm,2,few_shot,14,Llama3,0.13138686131386862,0.0,0.0875912408759124,0.6799306869506836,0.6499472856521606,0.6646010279655457
before_llm_comments_generated_responses_persona_2_few_shot.csv,before_llm,2,few_shot,15,Gpt4,0.08121827411167513,0.0,0.050761421319796954,0.6382983326911926,0.5867253541946411,0.6114262342453003
before_llm_comments_generated_responses_persona_2_few_shot.csv,before_llm,2,few_shot,15,Gemini,0.14746543778801846,0.0,0.07373271889400923,0.6542227268218994,0.6115956902503967,0.63219153881073
before_llm_comments_generated_responses_persona_2_few_shot.csv,before_llm,2,few_shot,15,Llama3,0.1326530612244898,0.0,0.09183673469387756,0.6707585453987122,0.6114655137062073,0.6397411227226257
before_llm_comments_generated_responses_persona_2_few_shot.csv,before_llm,2,few_shot,16,Gpt4,0.18823529411764706,0.04819277108433735,0.11764705882352941,0.67344069480896,0.650426983833313,0.6617338061332703
before_llm_comments_generated_responses_persona_2_few_shot.csv,before_llm,2,few_shot,16,Gemini,0.24000000000000005,0.032520325203252036,0.16,0.6747126579284668,0.6928514838218689,0.683661699295044
before_llm_comments_generated_responses_persona_2_few_shot.csv,before_llm,2,few_shot,16,Llama3,0.04878048780487805,0.0,0.04878048780487805,0.6780365109443665,0.6654603481292725,0.6716896295547485
before_llm_comments_generated_responses_persona_2_few_shot.csv,before_llm,2,few_shot,17,Gpt4,0.14285714285714285,0.0,0.10714285714285714,0.6361827254295349,0.6722689270973206,0.6537282466888428
before_llm_comments_generated_responses_persona_2_few_shot.csv,before_llm,2,few_shot,17,Gemini,0.13333333333333333,0.022727272727272728,0.13333333333333333,0.6093835830688477,0.6701867580413818,0.6383405327796936
before_llm_comments_generated_responses_persona_2_few_shot.csv,before_llm,2,few_shot,17,Llama3,0.24137931034482757,0.035714285714285705,0.1724137931034483,0.6241327524185181,0.6652094125747681,0.6440167427062988
before_llm_comments_generated_responses_persona_2_zero_shot.csv,before_llm,2,zero_shot,0,Gpt4,0.19999999999999998,0.0,0.13333333333333333,0.6481775045394897,0.6323444843292236,0.6401630640029907
before_llm_comments_generated_responses_persona_2_zero_shot.csv,before_llm,2,zero_shot,0,Gemini,0.22058823529411767,0.029850746268656712,0.11764705882352941,0.6728507280349731,0.6672644019126892,0.6700459718704224
before_llm_comments_generated_responses_persona_2_zero_shot.csv,before_llm,2,zero_shot,0,Llama3,0.20183486238532108,0.0,0.09174311926605505,0.6401389241218567,0.6483137607574463,0.6442004442214966
before_llm_comments_generated_responses_persona_2_zero_shot.csv,before_llm,2,zero_shot,1,Gpt4,0.1473684210526316,0.0,0.10526315789473684,0.6148477792739868,0.6731308698654175,0.6426706314086914
before_llm_comments_generated_responses_persona_2_zero_shot.csv,before_llm,2,zero_shot,1,Gemini,0.1487603305785124,0.0,0.08264462809917356,0.604442834854126,0.6601165533065796,0.631054162979126
before_llm_comments_generated_responses_persona_2_zero_shot.csv,before_llm,2,zero_shot,1,Llama3,0.1797752808988764,0.0,0.11235955056179775,0.6076818704605103,0.6575995683670044,0.6316560506820679
before_llm_comments_generated_responses_persona_2_zero_shot.csv,before_llm,2,zero_shot,2,Gpt4,0.2790697674418604,0.07874015748031497,0.21705426356589147,0.7151041626930237,0.70118647813797,0.7080769538879395
before_llm_comments_generated_responses_persona_2_zero_shot.csv,before_llm,2,zero_shot,2,Gemini,0.3529411764705882,0.09523809523809525,0.18823529411764708,0.7057878971099854,0.7111994028091431,0.7084833383560181
before_llm_comments_generated_responses_persona_2_zero_shot.csv,before_llm,2,zero_shot,2,Llama3,0.23333333333333334,0.01694915254237288,0.13333333333333333,0.6882472038269043,0.674177885055542,0.6811398863792419
before_llm_comments_generated_responses_persona_2_zero_shot.csv,before_llm,2,zero_shot,3,Gpt4,0.2711864406779661,0.03428571428571429,0.18079096045197743,0.6870836019515991,0.6461696624755859,0.6659988760948181
before_llm_comments_generated_responses_persona_2_zero_shot.csv,before_llm,2,zero_shot,3,Gemini,0.335820895522388,0.06015037593984962,0.1417910447761194,0.6667462587356567,0.6696789264678955,0.6682093739509583
before_llm_comments_generated_responses_persona_2_zero_shot.csv,before_llm,2,zero_shot,3,Llama3,0.3151515151515152,0.1226993865030675,0.18181818181818185,0.7125118970870972,0.6433783769607544,0.6761826276779175
before_llm_comments_generated_responses_persona_2_zero_shot.csv,before_llm,2,zero_shot,4,Gpt4,0.1358313817330211,0.03294117647058823,0.08899297423887588,0.6876323223114014,0.6298683881759644,0.6574840545654297
before_llm_comments_generated_responses_persona_2_zero_shot.csv,before_llm,2,zero_shot,4,Gemini,0.18604651162790697,0.025477707006369428,0.10147991543340382,0.6832895874977112,0.640159547328949,0.6610217690467834
before_llm_comments_generated_responses_persona_2_zero_shot.csv,before_llm,2,zero_shot,4,Llama3,0.1160092807424594,0.004662004662004662,0.06960556844547565,0.6574008464813232,0.6287708282470703,0.6427671909332275
before_llm_comments_generated_responses_persona_2_zero_shot.csv,before_llm,2,zero_shot,5,Gpt4,0.2857142857142857,0.01818181818181818,0.1607142857142857,0.676344633102417,0.6592440605163574,0.6676848530769348
before_llm_comments_generated_responses_persona_2_zero_shot.csv,before_llm,2,zero_shot,5,Gemini,0.2857142857142857,0.06106870229007634,0.13533834586466165,0.6517085433006287,0.6761949062347412,0.6637259125709534
before_llm_comments_generated_responses_persona_2_zero_shot.csv,before_llm,2,zero_shot,5,Llama3,0.288135593220339,0.0689655172413793,0.18644067796610167,0.6568813323974609,0.6746607422828674,0.665652334690094
before_llm_comments_generated_responses_persona_2_zero_shot.csv,before_llm,2,zero_shot,6,Gpt4,0.14893617021276595,0.0,0.1276595744680851,0.6471817493438721,0.660631000995636,0.653837263584137
before_llm_comments_generated_responses_persona_2_zero_shot.csv,before_llm,2,zero_shot,6,Gemini,0.1342281879194631,0.013605442176870746,0.09395973154362415,0.640468180179596,0.6811063289642334,0.6601625084877014
before_llm_comments_generated_responses_persona_2_zero_shot.csv,before_llm,2,zero_shot,6,Llama3,0.1794871794871795,0.02631578947368421,0.10256410256410256,0.6539450287818909,0.6488362550735474,0.6513805985450745
before_llm_comments_generated_responses_persona_2_zero_shot.csv,before_llm,2,zero_shot,7,Gpt4,0.23121387283236994,0.03508771929824561,0.11560693641618497,0.6939526796340942,0.6535278558731079,0.673133909702301
before_llm_comments_generated_responses_persona_2_zero_shot.csv,before_llm,2,zero_shot,7,Gemini,0.24390243902439027,0.03940886699507389,0.13658536585365852,0.6605644226074219,0.6358966827392578,0.6479958295822144
before_llm_comments_generated_responses_persona_2_zero_shot.csv,before_llm,2,zero_shot,7,Llama3,0.2738095238095238,0.024096385542168672,0.14285714285714288,0.6740721464157104,0.6514168381690979,0.6625508069992065
before_llm_comments_generated_responses_persona_2_zero_shot.csv,before_llm,2,zero_shot,8,Gpt4,0.1917808219178082,0.01388888888888889,0.12328767123287672,0.669516921043396,0.6414774656295776,0.6551973223686218
before_llm_comments_generated_responses_persona_2_zero_shot.csv,before_llm,2,zero_shot,8,Gemini,0.27884615384615385,0.009708737864077669,0.08653846153846154,0.6727944016456604,0.6703934073448181,0.6715917587280273
before_llm_comments_generated_responses_persona_2_zero_shot.csv,before_llm,2,zero_shot,8,Llama3,0.13986013986013984,0.014184397163120569,0.09790209790209792,0.6437646150588989,0.6262102127075195,0.6348660588264465
before_llm_comments_generated_responses_persona_2_zero_shot.csv,before_llm,2,zero_shot,9,Gpt4,0.21656050955414013,0.012903225806451613,0.11464968152866242,0.6723228693008423,0.6580196022987366,0.6650943160057068
before_llm_comments_generated_responses_persona_2_zero_shot.csv,before_llm,2,zero_shot,9,Gemini,0.20833333333333334,0.010526315789473684,0.11458333333333333,0.6666692495346069,0.6712318658828735,0.6689428091049194
before_llm_comments_generated_responses_persona_2_zero_shot.csv,before_llm,2,zero_shot,9,Llama3,0.17333333333333334,0.013513513513513514,0.10666666666666669,0.6425367593765259,0.6310434341430664,0.6367382407188416
before_llm_comments_generated_responses_persona_2_zero_shot.csv,before_llm,2,zero_shot,10,Gpt4,0.22093023255813957,0.03529411764705882,0.11627906976744187,0.6855349540710449,0.6414099931716919,0.6627388596534729
before_llm_comments_generated_responses_persona_2_zero_shot.csv,before_llm,2,zero_shot,10,Gemini,0.27350427350427353,0.01724137931034483,0.11965811965811965,0.6860877871513367,0.6643470525741577,0.675042450428009
before_llm_comments_generated_responses_persona_2_zero_shot.csv,before_llm,2,zero_shot,10,Llama3,0.1317365269461078,0.0,0.08383233532934131,0.658351480960846,0.633608877658844,0.6457432508468628
before_llm_comments_generated_responses_persona_2_zero_shot.csv,before_llm,2,zero_shot,11,Gpt4,0.2736842105263158,0.08602150537634409,0.12631578947368421,0.6804696917533875,0.6892462968826294,0.6848298907279968
before_llm_comments_generated_responses_persona_2_zero_shot.csv,before_llm,2,zero_shot,11,Gemini,0.16666666666666669,0.015384615384615384,0.12121212121212122,0.6683720350265503,0.7000240087509155,0.6838319301605225
before_llm_comments_generated_responses_persona_2_zero_shot.csv,before_llm,2,zero_shot,11,Llama3,0.15384615384615385,0.0,0.04395604395604395,0.6367632150650024,0.6740620732307434,0.6548819541931152
before_llm_comments_generated_responses_persona_2_zero_shot.csv,before_llm,2,zero_shot,12,Gpt4,0.23611111111111108,0.0,0.12500000000000003,0.6679267883300781,0.651197612285614,0.6594560742378235
before_llm_comments_generated_responses_persona_2_zero_shot.csv,before_llm,2,zero_shot,12,Gemini,0.26744186046511625,0.03529411764705882,0.1627906976744186,0.6676009297370911,0.6652308702468872,0.6664137840270996
before_llm_comments_generated_responses_persona_2_zero_shot.csv,before_llm,2,zero_shot,12,Llama3,0.15277777777777776,0.0,0.09722222222222221,0.6355154514312744,0.6467730402946472,0.6410948038101196
before_llm_comments_generated_responses_persona_2_zero_shot.csv,before_llm,2,zero_shot,13,Gpt4,0.24175824175824176,0.022471910112359553,0.15384615384615385,0.6793818473815918,0.696592390537262,0.6878795027732849
before_llm_comments_generated_responses_persona_2_zero_shot.csv,before_llm,2,zero_shot,13,Gemini,0.18421052631578946,0.0,0.09210526315789473,0.6561862230300903,0.7093255519866943,0.6817219257354736
before_llm_comments_generated_responses_persona_2_zero_shot.csv,before_llm,2,zero_shot,13,Llama3,0.23913043478260868,0.04444444444444444,0.15217391304347824,0.6678677797317505,0.7042375802993774,0.6855706572532654
before_llm_comments_generated_responses_persona_2_zero_shot.csv,before_llm,2,zero_shot,14,Gpt4,0.22516556291390732,0.01342281879194631,0.14569536423841062,0.6863022446632385,0.669787585735321,0.6779443621635437
before_llm_comments_generated_responses_persona_2_zero_shot.csv,before_llm,2,zero_shot,14,Gemini,0.24120603015075376,0.0,0.1306532663316583,0.6681216955184937,0.6782541871070862,0.673149824142456
before_llm_comments_generated_responses_persona_2_zero_shot.csv,before_llm,2,zero_shot,14,Llama3,0.1793103448275862,0.0,0.09655172413793105,0.6370048522949219,0.6490058898925781,0.6429494023323059
before_llm_comments_generated_responses_persona_2_zero_shot.csv,before_llm,2,zero_shot,15,Gpt4,0.20095693779904306,0.019323671497584544,0.11483253588516745,0.6562222838401794,0.6083131432533264,0.6313601732254028
before_llm_comments_generated_responses_persona_2_zero_shot.csv,before_llm,2,zero_shot,15,Gemini,0.21093750000000003,0.023622047244094488,0.109375,0.6627963781356812,0.6297012567520142,0.6458250880241394
before_llm_comments_generated_responses_persona_2_zero_shot.csv,before_llm,2,zero_shot,15,Llama3,0.14705882352941177,0.0,0.11764705882352941,0.6209062337875366,0.5986629724502563,0.6095817685127258
before_llm_comments_generated_responses_persona_2_zero_shot.csv,before_llm,2,zero_shot,16,Gpt4,0.2826086956521739,0.04444444444444444,0.1739130434782609,0.6918551325798035,0.6968027949333191,0.6943201422691345
before_llm_comments_generated_responses_persona_2_zero_shot.csv,before_llm,2,zero_shot,16,Gemini,0.25000000000000006,0.01408450704225352,0.12500000000000003,0.6540783643722534,0.6919193267822266,0.6724669337272644
before_llm_comments_generated_responses_persona_2_zero_shot.csv,before_llm,2,zero_shot,16,Llama3,0.20000000000000004,0.022727272727272728,0.13333333333333333,0.6516432166099548,0.6709311008453369,0.6611464619636536
before_llm_comments_generated_responses_persona_2_zero_shot.csv,before_llm,2,zero_shot,17,Gpt4,0.19672131147540986,0.033898305084745756,0.13114754098360654,0.638548731803894,0.6904453039169312,0.663483738899231
before_llm_comments_generated_responses_persona_2_zero_shot.csv,before_llm,2,zero_shot,17,Gemini,0.12371134020618557,0.0,0.08247422680412371,0.5957496166229248,0.6694821119308472,0.630467414855957
before_llm_comments_generated_responses_persona_2_zero_shot.csv,before_llm,2,zero_shot,17,Llama3,0.19047619047619044,0.03278688524590164,0.12698412698412698,0.6018661260604858,0.6936630010604858,0.6445123553276062
